Date,Symbol,Open,High,Low,Close,Volume From,Volume To
5/26/2018,BTCUSD,7459.11,7640.46,7380,7520,2722.8,20422651.81
5/25/2018,BTCUSD,7584.15,7661.85,7326.94,7459.11,8491.93,63420692.82
5/24/2018,BTCUSD,7505,7734.99,7269,7584.15,11033.72,82931373.76
5/23/2018,BTCUSD,7987.7,8030,7433.19,7505,14905.99,114810431.5
5/22/2018,BTCUSD,8393.44,8400,7950,7987.7,6589.43,53897527.48
5/21/2018,BTCUSD,8516.86,8584.39,8309.23,8393.44,4844.48,40909022.48
5/20/2018,BTCUSD,8235.6,8596.74,8172,8516.86,4273.42,35902082.55
5/19/2018,BTCUSD,8238.51,8390,8152.54,8235.6,4117.42,34005517.03
5/18/2018,BTCUSD,8059,8279.63,7927.21,8238.51,7715.22,62470941.97
5/17/2018,BTCUSD,8344,8482.01,8001,8059,7926.38,65295038.3
5/16/2018,BTCUSD,8477.46,8500,8104.99,8344,9914.22,81955959.22
5/15/2018,BTCUSD,8670,8847,8420.45,8477.46,10250.04,88297355.67
5/14/2018,BTCUSD,8686.1,8880.01,8289.79,8670,13418.34,115748349.8
5/13/2018,BTCUSD,8475,8774.32,8345,8686.1,6259.26,53639665.94
5/12/2018,BTCUSD,8403.33,8658.57,8223.43,8475,10792.17,90952428.28
5/11/2018,BTCUSD,9010.51,9010.51,8351,8403.33,15907.06,137940903.1
5/10/2018,BTCUSD,9300.08,9386.31,9001.01,9010.51,7218.76,66420658.6
5/9/2018,BTCUSD,9177.81,9370,8960,9300.08,8129.59,74546897.15
5/8/2018,BTCUSD,9353,9463.13,9050,9177.81,8950.5,82566086.42
5/7/2018,BTCUSD,9600,9619.55,9162.85,9353,9317.83,86959663.38
5/6/2018,BTCUSD,9800,9880,9390,9600,7112.87,68458545.47
5/5/2018,BTCUSD,9685,9948.12,9660.28,9800,8827.89,86787106.26
5/4/2018,BTCUSD,9725.74,9743.87,9465,9685,10013.2,96569125.26
5/3/2018,BTCUSD,9190.48,9800,9131,9725.74,13700.5,129425309.7
5/2/2018,BTCUSD,9072.29,9250.04,8990,9190.48,8212.95,74933819.79
5/1/2018,BTCUSD,9243.83,9245.37,8831.21,9072.29,10763.33,96666932.01
4/30/2018,BTCUSD,9389.01,9446.98,9119,9243.83,8320.14,77222420.62
4/29/2018,BTCUSD,9329.99,9512.5,9179.99,9389.01,7545.14,70623571.2
4/28/2018,BTCUSD,8922.55,9440.01,8863.42,9329.99,8413.13,77754446.67
4/27/2018,BTCUSD,9272.11,9369,8910,8922.55,11378.78,104539338.7
4/26/2018,BTCUSD,8865.98,9318,8660,9272.11,14759.34,131435230.3
4/25/2018,BTCUSD,9648,9763.49,8602.43,8865.98,29386.63,269894051.2
4/24/2018,BTCUSD,8931.3,9728.56,8930,9648,19437.27,181524168.3
4/23/2018,BTCUSD,8795.01,8991,8775.1,8931.3,7780.82,69214737.03
4/22/2018,BTCUSD,8915.42,9015,8754.01,8795.01,7215.69,64164105.31
4/21/2018,BTCUSD,8866.27,9038.87,8610.7,8915.42,11250.01,99156727.62
4/20/2018,BTCUSD,8274,8932.56,8216.21,8866.27,14891.29,126835932.4
4/19/2018,BTCUSD,8152.05,8300,8105,8274,11199.38,92034904.14
4/18/2018,BTCUSD,7892.1,8243.99,7879.8,8152.05,10071,81308219.64
4/17/2018,BTCUSD,8048.93,8162.5,7822,7892.1,10184.17,81563611.65
4/16/2018,BTCUSD,8355.25,8398.98,7905.99,8048.93,12617.3,102125725.7
4/15/2018,BTCUSD,8003.11,8392.56,8003.11,8355.25,9106.28,75015635.82
4/14/2018,BTCUSD,7893.19,8150,7830,8003.11,9036.54,72396037.5
4/13/2018,BTCUSD,7916,8220,7760,7893.19,20659.55,165216508.7
4/12/2018,BTCUSD,6942.99,8050,6767.77,7916,28395.32,214771004.9
4/11/2018,BTCUSD,6824.99,6974,6806.01,6942.99,7809.09,53835669.46
4/10/2018,BTCUSD,6771.13,6893.29,6661.19,6824.99,7126.47,48398352.42
4/9/2018,BTCUSD,7020.01,7169.53,6617,6771.13,12931.92,88680243.77
4/8/2018,BTCUSD,6894.01,7099.99,6891.83,7020.01,5869.72,41042355.66
4/7/2018,BTCUSD,6619.01,7059,6605.08,6894.01,9502.09,65545725
4/6/2018,BTCUSD,6785.85,6847,6518.88,6619.01,10149.64,67416432.95
4/5/2018,BTCUSD,6791.68,6923.1,6574,6785.85,13909.99,93740462.05
4/4/2018,BTCUSD,7424.9,7424.91,6708.46,6791.68,13910.56,97474965.59
4/3/2018,BTCUSD,7045.01,7520,7017,7424.9,17483.9,127896836.6
4/2/2018,BTCUSD,6816.01,7100,6777.28,7045.01,13713.65,95762835.6
4/1/2018,BTCUSD,6928.5,7044.46,6450,6816.01,14325.78,96628050.91
3/31/2018,BTCUSD,6848.01,7200,6780.19,6928.5,13622.58,95623991.66
3/30/2018,BTCUSD,7079.99,7275.35,6600,6848.01,27479.15,188520448.2
3/29/2018,BTCUSD,7942.72,7957,6905,7079.99,25708.79,189532739.9
3/28/2018,BTCUSD,7793.61,8088,7727.76,7942.72,10608.52,83867112.62
3/27/2018,BTCUSD,8145,8219.99,7757,7793.61,14466.67,115150613.4
3/26/2018,BTCUSD,8453,8498,7858.1,8145,18298.44,148145385.2
3/25/2018,BTCUSD,8531.34,8670,8359.99,8453,8511.92,72497141.51
3/24/2018,BTCUSD,8927.1,8999,8508,8531.34,11073.17,97652321.95
3/23/2018,BTCUSD,8715.09,8927.81,8280.04,8927.1,14212.8,121329830.1
3/22/2018,BTCUSD,8891.81,9073.93,8467.27,8715.09,13885.21,121308053.7
3/21/2018,BTCUSD,8900,9174,8745,8891.81,14536.32,130220366.2
3/20/2018,BTCUSD,8589.01,9046.26,8316.99,8900,18799.01,163562452.5
3/19/2018,BTCUSD,8192,8750.61,8110,8589.01,24075.67,201918172.7
3/18/2018,BTCUSD,7857.6,8302.73,7310,8192,29124.27,223313677.7
3/17/2018,BTCUSD,8275,8349.82,7751,7857.6,13146.15,105411863.2
3/16/2018,BTCUSD,8259.99,8600,7911,8275,16138.02,134277880.2
3/15/2018,BTCUSD,8207.02,8400,7666,8259.99,26426.13,213272177.7
3/14/2018,BTCUSD,9145.41,9340,7931,8207.02,25336.6,216554439.9
3/13/2018,BTCUSD,9120,9472.88,8855,9145.41,16059.63,146974006.1
3/12/2018,BTCUSD,9533.88,9890,8780.49,9120,19816.17,184885705.9
3/11/2018,BTCUSD,8795.44,9760,8516,9533.88,20534.85,188590778.8
3/10/2018,BTCUSD,9255,9514,8727.68,8795.44,16051.83,147598925.1
3/9/2018,BTCUSD,9304.89,9410,8370,9255,38841.8,344813643.7
3/8/2018,BTCUSD,9925,10098,9050,9304.89,21350.15,204726520.4
3/7/2018,BTCUSD,10700,10894,9400,9925,29225.23,294388277.2
3/6/2018,BTCUSD,11377.54,11395.63,10565.85,10700,16724.71,183282864.1
3/5/2018,BTCUSD,11469.9,11645.74,11340,11377.54,9470.43,109153960.7
3/4/2018,BTCUSD,11432.5,11487,11045.03,11469.9,7942.05,89511765.48
3/3/2018,BTCUSD,11000,11494.57,11000,11432.5,12066.71,136586889.1
3/2/2018,BTCUSD,10895.92,11149,10765,11000,12662.82,139077193.5
3/1/2018,BTCUSD,10307.27,11075,10213.99,10895.92,13824.45,147941446
2/28/2018,BTCUSD,10566.57,11044,10263,10307.27,17897.55,190456964.9
2/27/2018,BTCUSD,10300,10845.07,10133.33,10566.57,16465.19,173762146
2/26/2018,BTCUSD,9597.99,10447.74,9404,10300,17504.87,175797727.9
2/25/2018,BTCUSD,9688.62,9850,9324.75,9597.99,11129.51,106497962.9
2/24/2018,BTCUSD,10144.99,10494.14,9372.72,9688.62,18197.93,180155629.2
2/23/2018,BTCUSD,9830,10390.77,9576.43,10144.99,19664.01,196376198.6
2/22/2018,BTCUSD,10454.27,10900,9715.27,9830,26422.13,268890664
2/21/2018,BTCUSD,11235.57,11278.81,10250,10454.27,27910.71,300205501.4
2/20/2018,BTCUSD,11140,11775,11000,11235.57,24951.36,285961831.2
2/19/2018,BTCUSD,10380.04,11274.11,10297.39,11140,16154.08,175983581.8
2/18/2018,BTCUSD,11121.5,11299.1,10159,10380.04,24142.4,259535413.8
2/17/2018,BTCUSD,10167.49,11149,10057,11121.5,19222.9,205648014.8
2/16/2018,BTCUSD,10031.23,10307.68,9729.58,10167.49,16620.41,166819978.5
2/15/2018,BTCUSD,9472.98,10249.81,9342.46,10031.23,29789.74,293186307.4
2/14/2018,BTCUSD,8520.01,9482.5,8520,9472.98,22243.16,202543478.1
2/13/2018,BTCUSD,8872.28,8925,8393.1,8520.01,13139.47,113357334.8
2/12/2018,BTCUSD,8072.99,8950,8072.99,8872.28,18475.22,159371645.1
2/11/2018,BTCUSD,8547.49,8547.49,7857.78,8072.99,16176.24,132445927.4
2/10/2018,BTCUSD,8671.01,9090,8155.01,8547.49,22712.61,196226191.9
2/9/2018,BTCUSD,8218.1,8700,7750,8671.01,25750.68,212311612.7
2/8/2018,BTCUSD,7575.75,8625,7550,8218.1,29803.75,243905456.6
2/7/2018,BTCUSD,7688.46,8649.88,7212.82,7575.75,47816.08,379213828.6
2/6/2018,BTCUSD,6905.19,7948.89,5873,7688.46,85899.42,586030103.5
2/5/2018,BTCUSD,8167.9,8349.16,6426.94,6905.19,55053.58,400000801.6
2/4/2018,BTCUSD,9240,9350,7859,8167.9,22632.67,192692988.5
2/3/2018,BTCUSD,8787.52,9499,8115.48,9240,22376.49,199874964.5
2/2/2018,BTCUSD,9010.61,9090,7540,8787.52,47657.97,402616764.5
2/1/2018,BTCUSD,10099.99,10166.25,8400,9010.61,33299.38,304619253.3
1/31/2018,BTCUSD,9995,10299.95,9601.02,10099.99,18610.62,184380608.9
1/30/2018,BTCUSD,11123.01,11150,9714.84,9995,25138.03,258791883.9
1/29/2018,BTCUSD,11536,11570,10840,11123.01,10478.81,116748731.2
1/28/2018,BTCUSD,11319,11695,11234.99,11536,13109.53,150128732.8
1/27/2018,BTCUSD,11086.89,11494.08,10850,11319,11770.93,131986246.7
1/26/2018,BTCUSD,11118,11570,10305,11086.89,18029.05,197099538.1
1/25/2018,BTCUSD,11356.79,11690,10851,11118,12700.49,143410569.5
1/24/2018,BTCUSD,10824.94,11450,10457,11356.79,14157.04,155476131.1
1/23/2018,BTCUSD,10766.7,11370,9945,10824.94,20835.11,223535253.8
1/22/2018,BTCUSD,11518.16,11849,10025,10766.7,23186.08,250015050.8
1/21/2018,BTCUSD,12762.8,12762.8,11118,11518.16,15537.7,183763425.2
1/20/2018,BTCUSD,11498.99,12985.55,11498.99,12762.8,18087.06,224252854.6
1/19/2018,BTCUSD,11305.53,11973.99,11050,11498.99,15569.99,178499762.2
1/18/2018,BTCUSD,11200.01,12123.1,10687.21,11305.53,29065.2,335822137
1/17/2018,BTCUSD,11570.01,12358.89,9010,11200.01,60648.02,638793423.3
1/16/2018,BTCUSD,13590,13643.66,9928.62,11570.01,55998.79,658276609.3
1/15/2018,BTCUSD,13656.23,14253,13416,13590,9999.69,138344684.4
1/14/2018,BTCUSD,14187.95,14332.85,13110,13656.23,9965.91,135900260.3
1/13/2018,BTCUSD,13820,14500,13792.25,14187.95,9997.76,141996765.8
1/12/2018,BTCUSD,13308.06,14080.83,12900,13820,13970.64,190014298.8
1/11/2018,BTCUSD,14875.18,14970,12800.01,13308.06,25968.83,353069761.2
1/10/2018,BTCUSD,14480.99,14875.18,13550.01,14875.18,20897.79,297138669.1
1/9/2018,BTCUSD,14993.74,15384,14230,14480.99,14131.42,208863824.4
1/8/2018,BTCUSD,16174.22,16275,14000,14993.74,21174.24,319727096.9
1/7/2018,BTCUSD,17099,17115.01,15755.01,16174.22,10937.57,179675309.9
1/6/2018,BTCUSD,16960.01,17174,16251.01,17099,12927.52,216003326.2
1/5/2018,BTCUSD,15144.99,17178,14824.05,16960.01,20781.65,332879426.6
1/4/2018,BTCUSD,15098.14,15400,14230,15144.99,17980.39,267365600.8
1/3/2018,BTCUSD,14781.51,15400,14628,15098.14,16584.63,248696705.2
1/2/2018,BTCUSD,13480.01,15275,13005,14781.51,23957.87,339284691.7
1/1/2018,BTCUSD,13863.13,13889,12952.5,13480.01,11484.01,154169331.5
12/31/2017,BTCUSD,12839.99,14280.26,12633.8,13863.13,17428.57,234823165.7
12/30/2017,BTCUSD,14565.05,14639.79,12500,12839.99,25286.65,340875743.9
12/29/2017,BTCUSD,14450.01,15105.34,14041.81,14565.05,17235.04,251682459.9
12/28/2017,BTCUSD,15367.08,15489,13500,14450.01,27970.65,399465278.6
12/27/2017,BTCUSD,15790.88,16490,14524.37,15367.08,21861.4,339333880
12/26/2017,BTCUSD,14171.98,16148,14171.98,15790.88,20559.6,318500376.6
12/25/2017,BTCUSD,14221.94,14774,13500,14171.98,13602.12,192447600.8
12/24/2017,BTCUSD,15065.51,15109.27,13210,14221.94,22814.3,322577014.1
12/23/2017,BTCUSD,14210.57,16261,13750,15065.51,28360.96,427781719.6
12/22/2017,BTCUSD,15758.8,15974.95,10400,14210.57,90954.08,1237770941
12/21/2017,BTCUSD,16496.9,17364.57,15151,15758.8,25674.46,413174960.1
12/20/2017,BTCUSD,17838.73,17890,14301,16496.9,41730.03,696144937.8
12/19/2017,BTCUSD,19039,19099,16800,17838.73,29056.67,525375538.2
12/18/2017,BTCUSD,19378.99,19385,18200,19039,23595.21,443183201.7
12/17/2017,BTCUSD,19650,19891.99,19010,19378.99,19314.07,375805534
12/16/2017,BTCUSD,17738.67,19797,17630,19650,22172.19,415834390.1
12/15/2017,BTCUSD,16749.79,17899,16745,17738.67,25934.43,454043438.5
12/14/2017,BTCUSD,16689.61,17199.6,16256,16749.79,15611.48,261600088.2
12/13/2017,BTCUSD,17730.12,17900,15700,16689.61,28665.95,487487397.7
12/12/2017,BTCUSD,16885.75,18149.99,16375,17730.12,33282.64,573609404.1
12/11/2017,BTCUSD,15290.01,17493,15200,16885.75,35856.43,598018866.7
12/10/2017,BTCUSD,15309.98,16300,13501,15290.01,45612.48,676688697.8
12/9/2017,BTCUSD,16367.03,16499,13550,15309.98,37067.06,565865072.7
12/8/2017,BTCUSD,17390.01,17777.69,13788.99,16367.03,62052.71,1002053974
12/7/2017,BTCUSD,14090,19650.65,13500,17390.01,72755.19,1153995083
12/6/2017,BTCUSD,11718.35,14419.4,11717.5,14090,46838.72,605232973.9
12/5/2017,BTCUSD,11643.98,11875,11532,11718.35,17078.85,200348470.8
12/4/2017,BTCUSD,11290,11650,10950,11643.98,19613.4,223403467.1
12/3/2017,BTCUSD,10930.23,11891,10601,11290,29475.97,333644621.6
12/2/2017,BTCUSD,10869.84,11100,10701,10930.23,19398.54,212318715.6
12/1/2017,BTCUSD,9903,10937,9517,10869.84,32322.41,332593136.9
11/30/2017,BTCUSD,9935.98,10850,9135.6,9903,39839.39,396077980.5
11/29/2017,BTCUSD,9949,11485,8650,9935.98,62321.44,648689040.2
11/28/2017,BTCUSD,9768.71,9989.95,9705.99,9949,18593.31,183935168.3
11/27/2017,BTCUSD,9401.11,9795,9401,9768.71,24658.82,237996816.5
11/26/2017,BTCUSD,8795.5,9596,8795.5,9401.11,27570.05,253848242.8
11/25/2017,BTCUSD,8215.01,8795.5,8203.98,8795.5,16269.41,138667016.2
11/24/2017,BTCUSD,8031.16,8324,7900,8215.01,14058.33,115074384.4
11/23/2017,BTCUSD,8250,8274.98,8031.16,8031.16,11596.65,94874627.95
11/22/2017,BTCUSD,8109,8298.98,8103.13,8250,13440.42,110166489.1
11/21/2017,BTCUSD,8256.01,8375,7802.99,8109,29873.68,242616556.5
11/20/2017,BTCUSD,8031.82,8293.25,7969,8256.01,15462.22,126338474.9
11/19/2017,BTCUSD,7777.01,8098.62,7700,8031.82,14101.48,111726750.9
11/18/2017,BTCUSD,7714.71,7847.98,7502,7777.01,14577.26,112015874.8
11/17/2017,BTCUSD,7838.53,7988.5,7536,7714.71,23476.28,183649395.2
11/16/2017,BTCUSD,7294,7985.37,7130,7838.53,28093.1,212619502.4
11/15/2017,BTCUSD,6605,7349,6605,7294,27181.18,192021838.3
11/14/2017,BTCUSD,6535.87,6748,6465.41,6605,19194.55,126676994.2
11/13/2017,BTCUSD,5886.35,6841.45,5850,6535.87,35180.6,224769386.9
11/12/2017,BTCUSD,6346.7,6486,5511.11,5886.35,49705.69,299128196.1
11/11/2017,BTCUSD,6577.63,6894.99,6201.01,6346.7,25106.49,162556894.3
11/10/2017,BTCUSD,7156,7350,6426,6577.63,31858.14,216751466.5
11/9/2017,BTCUSD,7467.96,7470.01,7079,7156,17655.54,127736036.6
11/8/2017,BTCUSD,7126.63,7898,7031.66,7467.96,36774.83,272833126.5
11/7/2017,BTCUSD,6969.76,7232.84,6968.49,7126.63,14304,101527447.3
11/6/2017,BTCUSD,7392,7432.49,6900.73,6969.76,22562.22,161595096.7
11/5/2017,BTCUSD,7412.55,7630,7311.98,7392,15549.4,116482461.3
11/4/2017,BTCUSD,7170.01,7498,7011.1,7412.55,13482.54,98432731.02
11/3/2017,BTCUSD,7039.99,7449.99,6955.89,7170.01,23544.34,170481510.9
11/2/2017,BTCUSD,6783.69,7445,6759,7039.99,34494.67,241375563.8
11/1/2017,BTCUSD,6445.01,6783.69,6365.54,6783.69,20253.34,132837510
10/31/2017,BTCUSD,6124.16,6472.13,6099,6445.01,14184.69,89649009.44
10/30/2017,BTCUSD,6140.01,6200,6028,6124.16,8166.08,49920203.12
10/29/2017,BTCUSD,5752.01,6296,5728,6140.01,11846.4,71475582.64
10/28/2017,BTCUSD,5780,5894,5715,5752.01,5410.22,31239917.57
10/27/2017,BTCUSD,5891.61,5998,5708.8,5780,9127.48,53073484.78
10/26/2017,BTCUSD,5739.97,5985,5701,5891.61,11321.8,66281380.98
10/25/2017,BTCUSD,5525.43,5765,5376.71,5739.97,13672.23,75802977.78
10/24/2017,BTCUSD,5905.99,5906,5462.19,5525.43,17736.3,100232416.5
10/23/2017,BTCUSD,6005.05,6057.02,5650.98,5905.99,16263.88,95104164.3
10/22/2017,BTCUSD,6024.86,6082.3,5755.95,6005.05,10547.92,62384194.78
10/21/2017,BTCUSD,5989.1,6189.1,5868.26,6024.86,14273.15,86639153.42
10/20/2017,BTCUSD,5704.01,6063.99,5630,5989.1,16368.68,96636800.15
10/19/2017,BTCUSD,5574.44,5750,5529.44,5704.01,8748.55,49504221.95
10/18/2017,BTCUSD,5594,5600,5102,5574.44,17239.89,92801408.26
10/17/2017,BTCUSD,5754.9,5769.99,5525,5594,8715.92,48994082.43
10/16/2017,BTCUSD,5693.7,5785.3,5575.55,5754.9,8780.96,49971113.41
10/15/2017,BTCUSD,5819.13,5849.83,5455.5,5693.7,11691.8,65724633.19
10/14/2017,BTCUSD,5624.8,5839.8,5567.86,5819.13,8956.46,50956948.44
10/13/2017,BTCUSD,5440,5867,5390,5624.8,25811.46,145056663.4
10/12/2017,BTCUSD,4814.99,5440.92,4809.59,5440,19732.58,101825758.3
10/11/2017,BTCUSD,4750,4869.97,4720.21,4814.99,7206.03,34575558.1
10/10/2017,BTCUSD,4769.55,4925.65,4701.53,4750,13478.05,65048670.87
10/9/2017,BTCUSD,4603.49,4875.39,4561,4769.55,13964.95,65839640.33
10/8/2017,BTCUSD,4425,4612,4420.01,4603.49,7061.5,31973796.86
10/7/2017,BTCUSD,4362.99,4449.42,4320,4425,4030.37,17603265.19
10/6/2017,BTCUSD,4320.04,4407,4299.99,4362.99,6378.97,27830618.39
10/5/2017,BTCUSD,4214.84,4364.59,4150.01,4320.04,6376.05,27248452.17
10/4/2017,BTCUSD,4307.99,4344,4179.99,4214.84,6228.33,26429993.54
10/3/2017,BTCUSD,4392.71,4419.95,4242,4307.99,10224.79,44098557.39
10/2/2017,BTCUSD,4394.81,4470,4354.99,4392.71,8419.64,37066029.74
10/1/2017,BTCUSD,4339,4396.99,4256.92,4394.81,5295.5,22874518.07
9/30/2017,BTCUSD,4156.99,4356.28,4143.52,4339,6098.67,26085227.99
9/29/2017,BTCUSD,4189.42,4212.99,4015.17,4156.99,10171.48,42040804.57
9/28/2017,BTCUSD,4200,4269.95,4122,4189.42,7742.77,32430082.81
9/27/2017,BTCUSD,3885.09,4228.39,3880.36,4200,11758.34,48054132.22
9/26/2017,BTCUSD,3919.78,3960,3854.29,3885.09,5852.48,22927669.2
9/25/2017,BTCUSD,3669.01,3969.37,3669.01,3919.78,9249.85,35709598.52
9/24/2017,BTCUSD,3787.33,3789.36,3630.01,3669.01,4616.12,17095428.57
9/23/2017,BTCUSD,3619.01,3818.89,3580,3787.33,6515.95,24320131
9/22/2017,BTCUSD,3617.47,3767.77,3509.79,3619.01,12552.38,45460297.6
9/21/2017,BTCUSD,3867.05,3903.57,3571,3617.47,14575.36,54517167.59
9/20/2017,BTCUSD,3910.11,4044,3850.01,3867.05,9809.81,38646206.72
9/19/2017,BTCUSD,4100,4125.22,3850.44,3910.11,13483.26,53496013.6
9/18/2017,BTCUSD,3719.97,4130,3717.56,4100,16833.07,66838572.8
9/17/2017,BTCUSD,3726.51,3841,3475.64,3719.97,11592.24,42611788.18
9/16/2017,BTCUSD,3740.02,4042.98,3600,3726.51,18529.74,70081802.46
9/15/2017,BTCUSD,3250.4,3894.48,2975.01,3740.02,53365.89,183946441.5
9/14/2017,BTCUSD,3855.32,3923,3230.05,3250.4,35375.4,123900624.5
9/13/2017,BTCUSD,4164.52,4174.53,3726,3855.32,22314.17,87409345.37
9/12/2017,BTCUSD,4210.72,4375.37,4080,4164.52,12054.71,50887307.29
9/11/2017,BTCUSD,4251.36,4365,4111.14,4210.72,9037.83,38136891.11
9/10/2017,BTCUSD,4334.36,4349.99,4139,4251.36,10061.08,42674155.25
9/9/2017,BTCUSD,4350,4449.95,4180,4334.36,9821.45,42367541.74
9/8/2017,BTCUSD,4624.18,4679.99,4140,4350,21495.34,94143247.81
9/7/2017,BTCUSD,4616.18,4665.44,4475.01,4624.18,8402.48,38540786.36
9/6/2017,BTCUSD,4432.51,4692,4431,4616.18,15975.31,73082808.58
9/5/2017,BTCUSD,4498.25,4514.95,4242.38,4432.51,17081.16,74966475.18
9/4/2017,BTCUSD,4626.05,4628.05,4234.16,4498.25,20043.59,88935958.01
9/3/2017,BTCUSD,4649.99,4749.99,4524,4626.05,11393.09,52773397.7
9/2/2017,BTCUSD,4947.99,4980,4500,4649.99,19262.07,90656456.73
9/1/2017,BTCUSD,4743.94,4948,4706,4947.99,16664.55,80444245.2
8/31/2017,BTCUSD,4581.98,4769.03,4580.85,4743.94,13483.89,63272065.04
8/30/2017,BTCUSD,4599,4635.21,4500.55,4581.98,10230.63,46857100.68
8/29/2017,BTCUSD,4384.99,4656.83,4350,4599,14176.56,64010131.84
8/28/2017,BTCUSD,4340.11,4396,4200,4384.99,10067.66,43421851
8/27/2017,BTCUSD,4344.32,4392,4309.87,4340.11,7031.84,30574019.21
8/26/2017,BTCUSD,4360,4374.39,4260.01,4344.32,6123.33,26425712.62
8/25/2017,BTCUSD,4312.03,4453.9,4284.01,4360,10907.41,47600097.2
8/24/2017,BTCUSD,4143.49,4349.99,4112.76,4312.03,10245.72,43193513.87
8/23/2017,BTCUSD,4092,4247.88,4058.26,4143.49,11731.12,48707099.36
8/22/2017,BTCUSD,4002,4145,3583.46,4092,21882.51,85428060.35
8/21/2017,BTCUSD,4050.99,4089.99,3950.88,4002,12407.92,49900089.01
8/20/2017,BTCUSD,4157.41,4190.21,4044.52,4050.99,8316.8,34143680.64
8/19/2017,BTCUSD,4101.72,4186.1,4000,4157.41,10488.38,42963832.35
8/18/2017,BTCUSD,4280.01,4350,3960.47,4101.72,20732.84,86401459.78
8/17/2017,BTCUSD,4370.01,4469,4180,4280.01,19967.11,86539866.92
8/16/2017,BTCUSD,4159.93,4385.5,3928.82,4370.01,17943.01,75240963.38
8/15/2017,BTCUSD,4320.6,4434.42,3807.14,4159.93,31972.64,132096996.6
8/14/2017,BTCUSD,4060.47,4328,3985.01,4320.6,20028.5,84385621.47
8/13/2017,BTCUSD,3874,4200,3850,4060.47,23497.53,94772860.99
8/12/2017,BTCUSD,3656.15,3974,3622.87,3874,18959.75,72179345.3
8/11/2017,BTCUSD,3444.98,3725,3416.86,3656.15,15282.54,54274972.61
8/10/2017,BTCUSD,3342.8,3448,3317,3444.98,9346.69,31823585.61
8/9/2017,BTCUSD,3422.43,3428.29,3232.62,3342.8,13069.77,43622279.67
8/8/2017,BTCUSD,3398.23,3489,3349.91,3422.43,15999.81,54708051.43
8/7/2017,BTCUSD,3222.22,3416,3190,3398.23,11321.74,37825761.3
8/6/2017,BTCUSD,3243.49,3278.42,3150,3222.22,8658.64,27905582.23
8/5/2017,BTCUSD,2857.34,3335,2857.34,3243.49,21555.81,67805790.23
8/4/2017,BTCUSD,2787.02,2877.79,2760,2857.34,7713.12,21820111.66
8/3/2017,BTCUSD,2699.9,2799,2699.89,2787.02,7425.48,20432558.19
8/2/2017,BTCUSD,2732.59,2758.06,2650,2699.9,8419.36,22806893.27
8/1/2017,BTCUSD,2856.88,2925,2676.01,2732.59,9748.05,27274075.44
7/31/2017,BTCUSD,2723.99,2900,2700,2856.88,11457.38,31934105.54
7/30/2017,BTCUSD,2700.21,2739.98,2500,2723.99,8285.65,22141218.83
7/29/2017,BTCUSD,2786.07,2790.99,2656,2700.21,9852.05,26753602.75
7/28/2017,BTCUSD,2664.99,2825.11,2655.55,2786.07,17160.15,47117225.57
7/27/2017,BTCUSD,2525.99,2686.2,2514.1,2664.99,10034,25896207.58
7/26/2017,BTCUSD,2564,2614,2403,2525.99,13004.94,32450797.28
7/25/2017,BTCUSD,2762.26,2782.44,2449.69,2564,19184.97,49786278.09
7/24/2017,BTCUSD,2754.28,2799.2,2726.8,2762.26,8089.48,22315494.58
7/23/2017,BTCUSD,2825.27,2848,2691,2754.28,10163.6,28206056.21
7/22/2017,BTCUSD,2657.45,2869.88,2646.95,2825.27,12218.23,34047336.05
7/21/2017,BTCUSD,2873.48,2880,2608.27,2657.45,23000.12,62655741.6
7/20/2017,BTCUSD,2258.99,2957,2258.99,2873.48,36426.12,95224924.02
7/19/2017,BTCUSD,2308.15,2396,2216,2258.99,18554.91,42636571.09
7/18/2017,BTCUSD,2235.19,2393.43,2134.37,2308.15,23757.42,54347412.3
7/17/2017,BTCUSD,1910.86,2238.07,1909.58,2235.19,21417.42,44389209.76
7/16/2017,BTCUSD,1964.31,2043.94,1758.2,1910.86,21724.33,41505690.82
7/15/2017,BTCUSD,2217.24,2224.82,1964.31,1964.31,16317.36,33774963.1
7/14/2017,BTCUSD,2340,2349.28,2150,2217.24,13545.78,30485817.5
7/13/2017,BTCUSD,2383.42,2416.79,2308.14,2340,9541.54,22504373.72
7/12/2017,BTCUSD,2310.01,2415,2250,2383.42,13833.16,32370449.29
7/11/2017,BTCUSD,2331.05,2410,2265,2310.01,15656.53,36742710.52
7/10/2017,BTCUSD,2508.99,2523,2250,2331.05,15546.11,37337372.05
7/9/2017,BTCUSD,2561.11,2579.84,2500,2508.99,5641.13,14378485.35
7/8/2017,BTCUSD,2501.15,2563.5,2471.22,2561.11,7863.7,19815908.98
7/7/2017,BTCUSD,2604.84,2607.61,2472,2501.15,11633.51,29556762.93
7/6/2017,BTCUSD,2616.96,2623.54,2580.69,2604.84,8196.24,21299383.82
7/5/2017,BTCUSD,2602,2630.24,2551.06,2616.96,10180.98,26311442.33
7/4/2017,BTCUSD,2542.41,2636.1,2542.18,2602,10674.88,27738629.19
7/3/2017,BTCUSD,2516.66,2584.78,2479.75,2542.41,10044.25,25374233.34
7/2/2017,BTCUSD,2423.63,2545,2385,2516.66,9074.98,22390734.2
7/1/2017,BTCUSD,2455.19,2515,2400,2423.63,8439.3,20673284.08
6/30/2017,BTCUSD,2530,2554.01,2446.2,2455.19,11858.83,29678375.81
6/29/2017,BTCUSD,2553.25,2591.98,2506.1,2530,9044.52,23136077.62
6/28/2017,BTCUSD,2575.75,2605,2457,2553.25,16231.45,41220616.65
6/27/2017,BTCUSD,2407.91,2575.75,2264,2575.75,22136.58,52984618.42
6/26/2017,BTCUSD,2505.61,2563.9,2258.34,2407.91,20235.14,48983191.55
6/25/2017,BTCUSD,2574.84,2625,2430.05,2505.61,13731.2,34777329.87
6/24/2017,BTCUSD,2690.76,2718.37,2503.05,2574.84,12805.31,33572509.88
6/23/2017,BTCUSD,2679.99,2743,2665,2690.76,9672.18,26159593.21
6/22/2017,BTCUSD,2643.35,2724.69,2598,2679.99,12169.41,32542456.3
6/21/2017,BTCUSD,2725.08,2781.59,2559.51,2643.35,17851.81,47907949.07
6/20/2017,BTCUSD,2596.98,2776.95,2585.42,2725.08,19187.68,51424936.93
6/19/2017,BTCUSD,2515.25,2597,2481.92,2596.98,13918.48,35543778.1
6/18/2017,BTCUSD,2634.94,2670,2455.01,2515.25,13824.24,35323480.3
6/17/2017,BTCUSD,2480.43,2679.24,2413.96,2634.94,17580.33,45110277.72
6/16/2017,BTCUSD,2409.98,2524.65,2287.84,2480.43,21883.35,53300334.08
6/15/2017,BTCUSD,2432.21,2525,2050,2409.98,41961.04,97366664.08
6/14/2017,BTCUSD,2709.01,2827,2330,2432.21,28214.96,73493488.11
6/13/2017,BTCUSD,2655.71,2798.99,2649.47,2709.01,19700.56,53405977.59
6/12/2017,BTCUSD,2998.98,2999.99,2463.89,2655.71,38782.22,106489469.3
6/11/2017,BTCUSD,2932.44,2998.99,2881,2998.98,16284.9,47812183.93
6/10/2017,BTCUSD,2811.39,2942.04,2801.25,2932.44,18725.26,53784803.71
6/9/2017,BTCUSD,2799.73,2861.58,2786.2,2811.39,11436.76,32328430.83
6/8/2017,BTCUSD,2685.64,2808.78,2611.41,2799.73,13441.89,36807139.13
6/7/2017,BTCUSD,2871.29,2885,2598.7,2685.64,19455.78,54064924.71
6/6/2017,BTCUSD,2698,2938.55,2674.69,2871.29,28585.64,80455860.83
6/5/2017,BTCUSD,2521.36,2698,2517.02,2698,13555.2,35379671.94
6/4/2017,BTCUSD,2548.05,2556.1,2469.98,2521.36,13818.9,34731078.54
6/3/2017,BTCUSD,2478.99,2599,2448,2548.05,13422.99,34057815.61
6/2/2017,BTCUSD,2419.99,2478.99,2379.44,2478.99,12886.75,31233024.17
6/1/2017,BTCUSD,2303.29,2488,2302,2419.99,21374.75,51298289.57
5/31/2017,BTCUSD,2191.58,2338.91,2173.8,2303.29,21703.01,48811158.76
5/30/2017,BTCUSD,2279.48,2336.88,2112.31,2191.58,20903.19,46888613.92
5/29/2017,BTCUSD,2232.78,2357.86,2141.12,2279.48,16913.03,38367350.68
5/28/2017,BTCUSD,2099.99,2342.99,2099.86,2232.78,18325.71,40767284.98
5/27/2017,BTCUSD,2272.7,2353.35,1913.19,2099.99,32405.36,68178918.74
5/26/2017,BTCUSD,2355,2683.18,2052.01,2272.7,31456.5,74423123.15
5/25/2017,BTCUSD,2432.97,2806,2226.86,2355,37154.19,95411628.24
5/24/2017,BTCUSD,2272.75,2474.69,2266.51,2432.97,24634.04,58438411.21
5/23/2017,BTCUSD,2123.29,2283,2100.86,2272.75,17597.47,39085146.43
5/22/2017,BTCUSD,2057,2298,1975,2123.29,29386.37,63623003.77
5/21/2017,BTCUSD,2058.91,2102.68,1988.6,2057,17754.97,36447719.59
5/20/2017,BTCUSD,1976.23,2059,1970.04,2058.91,13162.08,26442179.42
5/19/2017,BTCUSD,1899.16,1980,1890.73,1976.23,18952.5,36732672.84
5/18/2017,BTCUSD,1813.23,1900,1800,1899.16,11374.67,20955981.58
5/17/2017,BTCUSD,1777.48,1840,1745.05,1813.23,13798.13,24965845
5/16/2017,BTCUSD,1747.81,1777.76,1690.14,1777.48,11410.4,19877340.12
5/15/2017,BTCUSD,1799.99,1802.99,1702.42,1747.81,10184.06,17781390.83
5/14/2017,BTCUSD,1792.73,1829,1763.33,1799.99,6805,12233717.38
5/13/2017,BTCUSD,1695.61,1792.96,1610,1792.73,12343.39,21031366.67
5/12/2017,BTCUSD,1837.93,1838,1651.01,1695.61,16510.26,28920995.52
5/11/2017,BTCUSD,1794.99,1889,1770.95,1837.93,15706.28,28861459.58
5/10/2017,BTCUSD,1720.43,1799.99,1691.3,1794.99,13454.3,23678889.7
5/9/2017,BTCUSD,1713,1794.7,1630,1720.43,19681.55,33917096.94
5/8/2017,BTCUSD,1609.57,1713,1608,1713,15881.13,26118182.46
5/7/2017,BTCUSD,1585.39,1618.31,1563.87,1609.57,11731.35,18664960.32
5/6/2017,BTCUSD,1551.3,1598.89,1551.3,1585.39,9365.65,14823564.66
5/5/2017,BTCUSD,1563.39,1630,1535.11,1551.3,16885.42,26750302.07
5/4/2017,BTCUSD,1533,1665,1482.06,1563.39,26688.81,42002225.57
5/3/2017,BTCUSD,1471.99,1533,1453.68,1533,16309.77,24297378.54
5/2/2017,BTCUSD,1436.5,1492.93,1426.51,1471.99,11924.59,17430683.24
5/1/2017,BTCUSD,1384.55,1466.69,1370.98,1436.5,16970.38,24270726.42
4/30/2017,BTCUSD,1365.43,1394.51,1334.02,1384.55,10404.38,14123860.39
4/29/2017,BTCUSD,1353.34,1369.5,1335.64,1365.43,9662.11,13097071.21
4/28/2017,BTCUSD,1349.26,1381.01,1300.2,1353.34,13987.65,18738445.98
4/27/2017,BTCUSD,1298.44,1360,1295.39,1349.26,10484.74,13943766.53
4/26/2017,BTCUSD,1281.16,1320,1279.5,1298.44,9594.48,12468743.16
4/25/2017,BTCUSD,1257.29,1287,1256.16,1281.16,8116.55,10358852.83
4/24/2017,BTCUSD,1251.98,1261.16,1246.31,1257.29,5899.56,7392441.57
4/23/2017,BTCUSD,1247,1254,1236.2,1251.98,5020.57,6262999.38
4/22/2017,BTCUSD,1249.99,1253,1221.51,1247,6146.72,7652671.47
4/21/2017,BTCUSD,1236.15,1258.77,1236.15,1249.99,6666.81,8315576.66
4/20/2017,BTCUSD,1214.21,1240.6,1212.01,1236.15,7744.55,9501637.02
4/19/2017,BTCUSD,1201.94,1215.32,1191.09,1214.21,6271.07,7541444
4/18/2017,BTCUSD,1189.91,1206.65,1189.76,1201.94,6267.85,7513057.56
4/17/2017,BTCUSD,1177.99,1197.6,1170.85,1189.91,6546.71,7740345.7
4/16/2017,BTCUSD,1178.85,1189.93,1171.7,1177.99,3082.06,3641302.03
4/15/2017,BTCUSD,1173.74,1190.99,0.06,1178.85,3969.63,4656021.2
4/14/2017,BTCUSD,1177.05,1196.92,1170.14,1173.74,5666.05,6700478
4/13/2017,BTCUSD,1214.17,1219.49,1148.98,1177.05,9425.11,11144752.42
4/12/2017,BTCUSD,1223.99,1227.86,1209.61,1214.17,6491.4,7909230.94
4/11/2017,BTCUSD,1210,1234,1200,1223.99,5480.34,6672699.9
4/10/2017,BTCUSD,1210.97,1219.78,1201,1210,5640.01,6833607.77
4/9/2017,BTCUSD,1184.5,1221,1175.8,1210.97,5807.85,6968901.3
4/8/2017,BTCUSD,1194,1198,1170,1184.5,4413.74,5240032.49
4/7/2017,BTCUSD,1192.3,1203,1175.26,1194,6982.52,8325135.18
4/6/2017,BTCUSD,1132.99,1206.97,1132.98,1192.3,11217.35,13139193.22
4/5/2017,BTCUSD,1143.99,1144.99,1114.9,1132.99,8699.48,9834667.4
4/4/2017,BTCUSD,1152.6,1164.14,1124.98,1143.99,8956.84,10260007.65
4/3/2017,BTCUSD,1113.99,1168.72,1112.24,1152.6,12693.53,14518353.53
4/2/2017,BTCUSD,1092,1119,1080,1113.99,7881.93,8687910.02
4/1/2017,BTCUSD,1088.99,1110.95,1071.45,1092,6728.76,7333795.3
3/31/2017,BTCUSD,1042.08,1094.49,1038.11,1088.99,11267.16,12025956.85
3/30/2017,BTCUSD,1043.27,1052.94,1022,1042.08,8279.23,8605658.13
3/29/2017,BTCUSD,1045.4,1058.16,1005.77,1043.27,8674.7,8964891.79
3/28/2017,BTCUSD,1042.08,1069.39,1016.25,1045.4,9053.57,9443463.57
3/27/2017,BTCUSD,973.08,1045.9,961.1,1042.08,10224.27,10332075.31
3/26/2017,BTCUSD,963.72,1005,943.9,973.08,9477.98,9263551.31
3/25/2017,BTCUSD,934.87,973.99,890.05,963.72,16659.78,15482264.23
3/24/2017,BTCUSD,1025.14,1030.3,920.1,934.87,18942.25,18466267.82
3/23/2017,BTCUSD,1034.57,1057.41,1013,1025.14,7782.51,8051410.81
3/22/2017,BTCUSD,1114.42,1114.96,985.17,1034.57,14562.11,15191422.38
3/21/2017,BTCUSD,1044.96,1120,1042.68,1114.42,12220.65,13315860.87
3/20/2017,BTCUSD,1019.49,1051.97,1011,1044.96,8917.53,9236660.8
3/19/2017,BTCUSD,970,1062.92,961.59,1019.49,13459.28,13673904.2
3/18/2017,BTCUSD,1069.57,1096,919.44,970,23802.32,23864729.42
3/17/2017,BTCUSD,1175.11,1175.11,1065.74,1069.57,19180.33,21525410.36
3/16/2017,BTCUSD,1263,1277.27,1117.77,1175.11,16563.41,19993492.85
3/15/2017,BTCUSD,1247.42,1264.55,1240,1263,7231.55,9066015.71
3/14/2017,BTCUSD,1245.5,1262,1213.55,1247.42,7361.42,9181863.69
3/13/2017,BTCUSD,1235.58,1249,1206,1245.5,9305.89,11510707.74
3/12/2017,BTCUSD,1188.11,1244,1150,1235.58,6647.29,8046849.56
3/11/2017,BTCUSD,1109.01,1219,1107,1188.11,10245.5,11991828.62
3/10/2017,BTCUSD,1197.3,1360,956.85,1109.01,24876.28,29299755.83
3/9/2017,BTCUSD,1150.22,1214.95,1131.11,1197.3,8439.14,9971972.26
3/8/2017,BTCUSD,1237.36,1246,1128,1150.22,12878.03,15302820.79
3/7/2017,BTCUSD,1284.99,1288,1050,1237.36,10495.65,12996739.91
3/6/2017,BTCUSD,1278.98,1288,1268.78,1284.99,4750.05,6083879.09
3/5/2017,BTCUSD,1273.97,1278.99,1247.11,1278.98,3982.89,5047437.77
3/4/2017,BTCUSD,1292.86,1294.48,1226.41,1273.97,6365.75,8116484.94
3/3/2017,BTCUSD,1269.17,1294.99,1255.61,1292.86,8284.43,10584869.61
3/2/2017,BTCUSD,1230,1298.61,1220,1269.17,8889.98,11126835.43
3/1/2017,BTCUSD,1195.08,1230,1085.71,1230,8122.55,9871907.47
2/28/2017,BTCUSD,1195.81,1214.94,1179.64,1195.08,6719.3,8045113.07
2/27/2017,BTCUSD,1184.91,1198.99,1176,1195.81,5745.59,6840404.48
2/26/2017,BTCUSD,1158,1187.33,1130.88,1184.91,4446.08,5171217.77
2/25/2017,BTCUSD,1186.91,1189.49,1110,1158,5951.95,6897879.33
2/24/2017,BTCUSD,1186.9,1221.93,1103.32,1186.91,12632.88,14918263.8
2/23/2017,BTCUSD,1128.71,1197,1128.22,1186.9,7536.2,8722673.05
2/22/2017,BTCUSD,1128.29,1140,1104.9,1128.71,6034.25,6795717
2/21/2017,BTCUSD,1089.86,1132.95,1081.95,1128.29,7483.04,8280875.39
2/20/2017,BTCUSD,1059.88,1095,1051.36,1089.86,4430.97,4736133.26
2/19/2017,BTCUSD,1062.15,1067.78,1051.26,1059.88,3021.63,3196757.08
2/18/2017,BTCUSD,1057.3,1073.8,1055.6,1062.15,3934.58,4193929.1
2/17/2017,BTCUSD,1038.94,1064.6,1036.29,1057.3,6333.71,6667247.58
2/16/2017,BTCUSD,1014.53,1041.88,1013.02,1038.94,5993.8,6169767.63
2/15/2017,BTCUSD,1012.23,1016,1007.66,1014.53,4421.87,4477611.54
2/14/2017,BTCUSD,1002.56,1018.97,992.27,1012.23,5719.72,5765364.55
2/13/2017,BTCUSD,1010,1021.5,985.68,1002.56,4669.88,4682457.91
2/12/2017,BTCUSD,1018.43,1019.1,1008,1010,1314.42,1331571.04
2/11/2017,BTCUSD,1003.97,1023.89,995.49,1018.43,4377.32,4428942.37
2/10/2017,BTCUSD,985,1008,961,1003.97,7992.25,7864512.76
2/9/2017,BTCUSD,1059.14,1079,925,985,16261.21,16232978.41
2/8/2017,BTCUSD,1053.97,1069.95,1016.49,1059.14,6899.97,7253357.3
2/7/2017,BTCUSD,1024.39,1058.26,1020.82,1053.97,5566.34,5810502.77
2/6/2017,BTCUSD,1019.31,1027.7,1014.64,1024.39,4227.33,4321741.37
2/5/2017,BTCUSD,1035.84,1036.3,1003.02,1019.31,4675.46,4765461.2
2/4/2017,BTCUSD,1016.77,1044.12,1001.8,1035.84,4823.76,4931183.65
2/3/2017,BTCUSD,1007.66,1024.5,994.34,1016.77,6731.61,6815466.36
2/2/2017,BTCUSD,989.71,1010,978.74,1007.66,5623.69,5602317.03
2/1/2017,BTCUSD,970.92,991.38,963.84,989.71,5983.96,5835316.7
1/31/2017,BTCUSD,923.45,971.24,922.83,970.92,6624.94,6298153.61
1/30/2017,BTCUSD,917.31,923.95,914.69,923.45,3678.36,3385238.81
1/29/2017,BTCUSD,924.7,927.47,915,917.31,2498.61,2303176.25
1/28/2017,BTCUSD,923.4,925.5,921.5,924.7,2666.66,2463831.89
1/27/2017,BTCUSD,917.93,924.47,911,923.4,3705.4,3408119.32
1/26/2017,BTCUSD,896.81,921.95,896,917.93,4673.88,4254267.65
1/25/2017,BTCUSD,894.86,903.98,880,896.81,4570.62,4091652.34
1/24/2017,BTCUSD,924.24,924.24,888.2,894.86,6319.11,5729993.63
1/23/2017,BTCUSD,924.98,931.33,915.31,924.24,3908.89,3608644.31
1/22/2017,BTCUSD,925.36,946.25,902,924.98,4915.78,4556299.91
1/21/2017,BTCUSD,894.05,930,891.28,925.36,4545.67,4173035.76
1/20/2017,BTCUSD,901,904.59,890,894.05,3073.67,2761266.77
1/19/2017,BTCUSD,880,907,879.2,901,5127.03,4602695.23
1/18/2017,BTCUSD,907.58,916.7,850,880,6654.7,5878776.11
1/17/2017,BTCUSD,831.89,909,830.02,907.58,7258.23,6401902.01
1/16/2017,BTCUSD,830,840,826.03,831.89,3404.59,2840684.77
1/15/2017,BTCUSD,829.62,832.95,819,830,2806.12,2318657.22
1/14/2017,BTCUSD,830.79,847.52,822.34,829.62,4693.73,3914671.89
1/13/2017,BTCUSD,822.64,835.01,782.85,830.79,10564.13,8585304.65
1/12/2017,BTCUSD,801.5,840,734.64,822.64,13216.41,10452842.94
1/11/2017,BTCUSD,907.53,923.98,765,801.5,19216.16,15981885.83
1/10/2017,BTCUSD,905.41,915.1,899.01,907.53,7012.14,6354374.73
1/9/2017,BTCUSD,916.6,923.58,886.42,905.41,5960.04,5361215.98
1/8/2017,BTCUSD,903.7,953.8,899.16,916.6,5389.5,4975845.72
1/7/2017,BTCUSD,894.93,910,815.36,903.7,10653.91,9275168.47
1/6/2017,BTCUSD,995.05,1033.85,875.01,894.93,14144.34,13093482.53
1/5/2017,BTCUSD,1133,1175,880,995.05,20433.13,21144212.3
1/4/2017,BTCUSD,1035.19,1147,1018,1133,16438.41,17860477.54
1/3/2017,BTCUSD,1019.01,1036.69,1006.71,1035.19,7970.31,8132385.54
1/2/2017,BTCUSD,996.82,1034.39,986.86,1019.01,7657.44,7747191.18
1/1/2017,BTCUSD,970.47,1000,964.37,996.82,4380.47,4316334.81
12/31/2016,BTCUSD,962.63,971.53,949,970.47,3880.36,3726585.44
12/30/2016,BTCUSD,976.75,978.77,930.3,962.63,8055.58,7702979.43
12/29/2016,BTCUSD,981.92,988.88,950.5,976.75,8959.68,8712140.87
12/28/2016,BTCUSD,921.59,981.92,921.58,981.92,9644.81,9189366.89
12/27/2016,BTCUSD,901.98,943.36,895,921.59,6605.24,6094439.4
12/26/2016,BTCUSD,896.73,908.24,890,901.98,3337.4,3003307.27
12/25/2016,BTCUSD,887,897.09,851.11,896.73,5217.17,4546899
12/24/2016,BTCUSD,915.5,918.5,880.1,887,6494.37,5864390.24
12/23/2016,BTCUSD,858.01,918,853.6,915.5,12611.27,11303139.03
12/22/2016,BTCUSD,828.58,875.75,826.23,858.01,8904.03,7609856.54
12/21/2016,BTCUSD,797.99,832,797.98,828.58,8332.09,6794258.56
12/20/2016,BTCUSD,789.91,798,788.58,797.99,5825.84,4611344.9
12/19/2016,BTCUSD,790,794.99,789,789.91,5344.13,4234769.73
12/18/2016,BTCUSD,790.07,791.96,787.19,790,3023.1,2388142.87
12/17/2016,BTCUSD,785,791.97,779.5,790.07,4379.17,3450804.04
12/16/2016,BTCUSD,775,785,774.8,785,5541.5,4322740.99
12/15/2016,BTCUSD,777.72,780,775,775,5877.17,4575180.55
12/14/2016,BTCUSD,779.79,781.8,773.2,777.72,4488.82,3493421.26
12/13/2016,BTCUSD,778.71,790.3,772.76,779.79,5304.5,4143122.68
12/12/2016,BTCUSD,770.9,782,770.76,778.71,4353.46,3385595.47
12/11/2016,BTCUSD,775.98,776.18,765,770.9,3060.01,2355251.21
12/10/2016,BTCUSD,771.77,776.99,770,775.98,3431.35,2657798.79
12/9/2016,BTCUSD,768.35,772.87,765.83,771.77,3916.95,3016303.89
12/8/2016,BTCUSD,766.07,772.82,761.71,768.35,4743.95,3648295.87
12/7/2016,BTCUSD,764.3,768.9,762.21,766.07,2170.38,1662439.28
12/6/2016,BTCUSD,753.36,757.15,752,755.73,1222.47,923340.9
12/5/2016,BTCUSD,766.96,767.99,748.6,753.36,4829.26,3648661.03
12/4/2016,BTCUSD,766.52,769.76,762.83,766.96,2659.75,2037566.09
12/3/2016,BTCUSD,771.54,772.53,759,766.52,3289.9,2521958.71
12/2/2016,BTCUSD,753.57,780,753.26,771.54,5889.3,4521958.99
12/1/2016,BTCUSD,742.6,754.9,741.59,753.57,4159.29,3114420.63
11/30/2016,BTCUSD,731.8,745,729.17,742.6,3919.4,2894218.83
11/29/2016,BTCUSD,730.27,734.36,728.2,731.8,3825.88,2799548.85
11/28/2016,BTCUSD,729.01,736.44,728.74,730.27,3790.89,2772470.95
11/27/2016,BTCUSD,735.83,737.95,728.01,729.01,2613.1,1915798.65
11/26/2016,BTCUSD,739,739.99,726,735.83,2723.44,2000688.57
11/25/2016,BTCUSD,737.99,739,729,739,3088.94,2270107.19
11/24/2016,BTCUSD,741.76,743.99,727,737.99,3497.94,2578204
11/23/2016,BTCUSD,747,747.12,734,741.76,3627.33,2689537.69
11/22/2016,BTCUSD,735.81,748.77,726.38,747,3984.94,2953803.5
11/21/2016,BTCUSD,731,738.47,730,735.81,2951.25,2169609.46
11/20/2016,BTCUSD,750.38,753.81,715,731,4277.5,3141743.61
11/19/2016,BTCUSD,747.8,752.3,738,750.38,2981.81,2231496.42
11/18/2016,BTCUSD,736.57,751,728.89,747.8,4804.44,3566841.04
11/17/2016,BTCUSD,737.55,750.01,729.01,736.57,4124.02,3062565.11
11/16/2016,BTCUSD,712.41,743.8,710,737.55,6034.32,4395006.2
11/15/2016,BTCUSD,705.52,716.3,671.23,712.41,4403.4,3120205.49
11/14/2016,BTCUSD,703.98,708.57,695.07,705.52,4797.58,3370257.82
11/13/2016,BTCUSD,704.67,705.94,685.7,703.98,4166.31,2902831.61
11/12/2016,BTCUSD,714.77,716.99,702.42,704.67,3125.27,2215860.74
11/11/2016,BTCUSD,712.28,718.99,711.56,714.77,3334.54,2384291.54
11/10/2016,BTCUSD,721,723.61,705.84,712.28,4382.38,3129512.48
11/9/2016,BTCUSD,712.57,747.26,710.05,721,11991.35,8761367.79
11/8/2016,BTCUSD,706.82,716.45,704.16,712.57,4426.48,3141454.62
11/7/2016,BTCUSD,716.83,718.2,701.35,706.82,4063.11,2875930.33
11/6/2016,BTCUSD,706.9,719.83,705.86,716.83,2954.12,2103012.77
11/5/2016,BTCUSD,705.7,707.99,697.72,706.9,2994.26,2110536.08
11/4/2016,BTCUSD,688.93,708.33,683.8,705.7,5339.37,3732823.45
11/3/2016,BTCUSD,735.5,746.16,672.06,688.93,10308.26,7355902.02
11/2/2016,BTCUSD,731.16,735.5,720,735.5,4900.69,3560421.63
11/1/2016,BTCUSD,699.68,737.5,695.74,731.16,6901.4,4982875.37
10/31/2016,BTCUSD,697.65,709.68,681.01,699.68,4483.62,3133094.23
10/30/2016,BTCUSD,717.9,718,692.04,697.65,3731.47,2630815.45
10/29/2016,BTCUSD,689.65,725.64,688.89,717.9,6530.77,4645482.26
10/28/2016,BTCUSD,685.57,692.41,683.2,689.65,4606.4,3168209.12
10/27/2016,BTCUSD,674,692.01,673.28,685.57,6528.32,4465307.96
10/26/2016,BTCUSD,649.07,678,649.07,674,5829.22,3880856.87
10/25/2016,BTCUSD,649.75,657.5,648.99,649.07,4776.95,3123004.67
10/24/2016,BTCUSD,650.54,652.93,645.81,649.75,3631.3,2357292.33
10/23/2016,BTCUSD,655,655.8,645.33,650.54,3031.31,1974217.69
10/22/2016,BTCUSD,629.76,658,629.32,655,4535.76,2917971.98
10/21/2016,BTCUSD,627.83,633.41,627.5,629.76,4216.33,2655664.75
10/20/2016,BTCUSD,629.68,629.99,626.01,627.83,4066.85,2555702.95
10/19/2016,BTCUSD,634.97,636.99,625.6,629.68,4495.62,2837107.66
10/18/2016,BTCUSD,638.96,640,632.15,634.97,4078.62,2598863.48
10/17/2016,BTCUSD,642.53,643.47,636.27,638.96,3898.77,2493378.81
10/16/2016,BTCUSD,637.51,643.91,637.51,642.53,2461.82,1579872.51
10/15/2016,BTCUSD,638,639.99,636,637.51,684.15,436821.9
10/14/2016,BTCUSD,635.86,639.99,624.08,638,4411.45,2802101.88
10/13/2016,BTCUSD,636.92,639.85,632,635.86,3867.82,2461476.07
10/12/2016,BTCUSD,643.83,647.03,631.91,636.92,4493.04,2871479.02
10/11/2016,BTCUSD,618.31,643.83,618.08,643.83,6127.14,3870511.76
10/10/2016,BTCUSD,617.58,619.2,615.46,618.31,3855.57,2380713.85
10/9/2016,BTCUSD,619.59,619.59,617,617.58,2294.62,1418866.11
10/8/2016,BTCUSD,617.32,620,617.1,619.59,2798.31,1731592.52
10/7/2016,BTCUSD,611.83,618.7,609.89,617.32,5081.4,3125858.04
10/6/2016,BTCUSD,613.35,613.44,610.3,611.83,3868.36,2369472.57
10/5/2016,BTCUSD,609.25,614.24,609.22,613.35,4427.98,2709843.55
10/4/2016,BTCUSD,612.95,613.23,606.93,609.25,4959.1,3027774.37
10/3/2016,BTCUSD,612.41,615.24,610.7,612.95,4282.64,2624932.5
10/2/2016,BTCUSD,616,616,608.66,612.41,2898.23,1775073.57
10/1/2016,BTCUSD,607.65,617.19,607.6,616,3487.91,2140381.54
9/30/2016,BTCUSD,605.07,607.65,604.92,607.65,4626.36,2803982.57
9/29/2016,BTCUSD,604.98,606.89,603.56,605.07,4060.87,2458807.98
9/28/2016,BTCUSD,605.3,606,603.18,604.98,3650.93,2207748
9/27/2016,BTCUSD,606.82,607.54,601.38,605.3,4356.03,2635285.4
9/26/2016,BTCUSD,601.35,607.99,600.02,606.82,4220.87,2556428.88
9/25/2016,BTCUSD,603.69,605.99,599.42,601.35,2528.64,1522742.99
9/24/2016,BTCUSD,602.68,605.94,601.08,603.69,2661.79,1607181.22
9/23/2016,BTCUSD,595.25,603.3,595.14,602.68,3773.33,2262379.54
9/22/2016,BTCUSD,596.95,598.54,594.78,595.25,3983.13,2376886.2
9/21/2016,BTCUSD,608.98,609.92,592.63,596.95,5205.29,3115266.96
9/20/2016,BTCUSD,608.94,609.88,607.15,608.98,4275.58,2602065.54
9/19/2016,BTCUSD,610.99,612.46,607.4,608.94,3011.09,1835075.42
9/18/2016,BTCUSD,607.83,611.93,607.22,610.99,3099.56,1888621.18
9/17/2016,BTCUSD,607.75,608.99,604,607.83,2874.48,1746050.77
9/16/2016,BTCUSD,607.01,608.1,603.15,607.75,4232.67,2568415.72
9/15/2016,BTCUSD,608.95,609.49,603.85,607.01,3809.3,2315135.76
9/14/2016,BTCUSD,608.24,611.99,607.59,608.95,3746.32,2284331.22
9/13/2016,BTCUSD,607.48,609.99,605.16,608.24,3853.46,2342874.14
9/12/2016,BTCUSD,607.25,609.45,603,607.48,3922.28,2380333.51
9/11/2016,BTCUSD,625.1,630.11,591.8,607.25,4323.03,2664770.82
9/10/2016,BTCUSD,622.6,626.54,620.59,625.1,2734.98,1705058.58
9/9/2016,BTCUSD,628.77,628.77,618.25,622.6,4453.85,2772916.5
9/8/2016,BTCUSD,614.59,631.3,613.43,628.77,5252.72,3278225.35
9/7/2016,BTCUSD,612.37,618.53,609.21,614.59,4593.72,2819296.64
9/6/2016,BTCUSD,606.19,612.8,605.47,612.37,4143.07,2524594.99
9/5/2016,BTCUSD,611.82,611.99,601.63,606.19,2988.3,1814485.21
9/4/2016,BTCUSD,600.58,617.13,597.52,611.82,4608.39,2804791.32
9/3/2016,BTCUSD,575.38,600.99,574.67,600.58,4728.62,2763385.93
9/2/2016,BTCUSD,571.96,577.97,570,575.38,4869.74,2795447.84
9/1/2016,BTCUSD,571.59,573.32,568.12,571.96,5080.94,2902643.32
8/31/2016,BTCUSD,574.79,575.15,569.21,571.59,4385.72,2510270.46
8/30/2016,BTCUSD,573,576.83,572.53,574.79,4160.45,2391387.06
8/29/2016,BTCUSD,574.83,577.73,571.24,573,4541.78,2607534.39
8/28/2016,BTCUSD,570.42,574.99,569.65,574.83,2562.59,1466972.43
8/27/2016,BTCUSD,578.89,579.45,568.95,570.42,3037.12,1743045.86
8/26/2016,BTCUSD,576.16,579.86,574.85,578.89,3331.47,1925178.92
8/25/2016,BTCUSD,578.92,579.03,573.12,576.16,4119.58,2371117.85
8/24/2016,BTCUSD,582.58,582.68,575.29,578.92,3811.25,2208611.93
8/23/2016,BTCUSD,585.12,586.77,577.47,582.58,5095.11,2967258.3
8/22/2016,BTCUSD,580.65,586.99,579.22,585.12,4431.22,2584764.31
8/21/2016,BTCUSD,583.21,583.99,579.34,580.65,2477.96,1441463.26
8/20/2016,BTCUSD,574.49,583.21,572.38,583.21,3667.93,2121339.89
8/19/2016,BTCUSD,573.99,576.99,572.68,574.49,3838.87,2207140.16
8/18/2016,BTCUSD,573.83,576.99,573,573.99,3833.7,2204947.25
8/17/2016,BTCUSD,581.97,581.99,569.67,573.83,4431.2,2549689.52
8/16/2016,BTCUSD,568.09,581.99,566.09,581.97,4584.07,2630165.08
8/15/2016,BTCUSD,572.43,575,561.56,568.09,4407.58,2508272.91
8/14/2016,BTCUSD,586,586.55,565.19,572.43,4071.02,2343107.33
8/13/2016,BTCUSD,587.82,589.5,586,586,2839.55,1669101.73
8/12/2016,BTCUSD,589.22,590.09,583.62,587.82,3855.08,2264521.86
8/11/2016,BTCUSD,593.24,599.99,585.6,589.22,5030.02,2979021.94
8/10/2016,BTCUSD,588.13,601.09,583.29,593.24,9234,5457584.82
8/9/2016,BTCUSD,591.91,594.04,585.96,588.13,4827.98,2846572.57
8/8/2016,BTCUSD,593.9,595.99,590,591.91,3721.63,2208433.23
8/7/2016,BTCUSD,590.98,598.65,587.2,593.9,3244.91,1927584.02
8/6/2016,BTCUSD,582.98,590.99,574.5,590.98,3890.34,2268098.84
8/5/2016,BTCUSD,585,592.87,570.39,582.98,5558.28,3219513.82
8/4/2016,BTCUSD,576,599.95,562.11,585,9496.02,5521038.79
8/3/2016,BTCUSD,515.38,576,515,576,20710.53,11417833.73
8/2/2016,BTCUSD,603.97,613.38,483,515.38,14299.83,8254371.69
8/1/2016,BTCUSD,623.14,629.34,600,603.97,7951.79,4918231.38
7/31/2016,BTCUSD,656.32,657,622.08,623.14,5869.42,3745793.18
7/30/2016,BTCUSD,657.27,658.98,652.95,656.32,2979.62,1957560.08
7/29/2016,BTCUSD,656.67,659,651,657.27,4269.56,2803924.32
7/28/2016,BTCUSD,657.04,659.97,654.1,656.67,3888.88,2555946.76
7/27/2016,BTCUSD,657.73,658.99,646.56,657.04,5288.49,3462044.31
7/26/2016,BTCUSD,657.39,658.99,645,657.73,6215.23,4068730.74
7/25/2016,BTCUSD,660.27,664.13,653.77,657.39,3970.26,2611713.27
7/24/2016,BTCUSD,658.19,666.37,655.01,660.27,3383.4,2233680.61
7/23/2016,BTCUSD,653.69,662.35,652.81,658.19,4498.7,2960209.02
7/22/2016,BTCUSD,667.73,669.94,647.59,653.69,7254.06,4791082.4
7/21/2016,BTCUSD,667.94,668.4,661.39,667.73,3919.21,2609755.05
7/20/2016,BTCUSD,673.89,674.99,664.6,667.94,3486.04,2335170.04
7/19/2016,BTCUSD,675.4,676.87,666.17,673.89,3733.43,2510801.57
7/18/2016,BTCUSD,679.08,684.94,670,675.4,4582.8,3108008.62
7/17/2016,BTCUSD,666.45,680.99,665.95,679.08,3819.81,2573871.67
7/16/2016,BTCUSD,668.28,669.99,662.01,666.45,2872.13,1915312.44
7/15/2016,BTCUSD,661.41,669.98,660.54,668.28,4686.98,3119097.11
7/14/2016,BTCUSD,662.57,663.99,640,661.41,4955.76,3266545.25
7/13/2016,BTCUSD,674.02,674.19,657.5,662.57,21618.43,14361603.83
7/12/2016,BTCUSD,651.7,675.5,648.6,674.02,10423.17,6859929.91
7/11/2016,BTCUSD,652.54,664.27,648.11,651.7,4630.65,3023090.24
7/10/2016,BTCUSD,658.78,659.25,641,652.54,3699.48,2407231.52
7/9/2016,BTCUSD,666.5,667.33,608,658.78,9520.73,6202949.98
7/8/2016,BTCUSD,640.3,666.54,638.04,666.5,10981.41,7141159.48
7/7/2016,BTCUSD,678,683.44,611.94,640.3,12156.93,7798258.05
7/6/2016,BTCUSD,668.45,680.79,665,678,5543.33,3736947.04
7/5/2016,BTCUSD,679,682.37,662.51,668.45,5141.85,3461775.69
7/4/2016,BTCUSD,669,683.69,653.16,679,4199.62,2827572.02
7/3/2016,BTCUSD,701.23,705.25,651,669,6215.11,4199341.12
7/2/2016,BTCUSD,680.61,701.85,676.92,701.23,4907.19,3391323.72
7/1/2016,BTCUSD,672.45,688.99,667,680.61,6673.16,4525534.12
6/30/2016,BTCUSD,639.22,675,635.14,672.45,7731.39,5091051.39
6/29/2016,BTCUSD,647.63,648.73,630.02,639.22,6421.22,4098114.99
6/28/2016,BTCUSD,650.31,663.53,638,647.63,5798.99,3776746.69
6/27/2016,BTCUSD,639.13,659.98,630,650.31,6616.65,4270256.27
6/26/2016,BTCUSD,677.72,677.72,625.01,639.13,5565.32,3597993.06
6/25/2016,BTCUSD,668.6,699,650,677.72,7561.42,5138558.54
6/24/2016,BTCUSD,630.87,700,628.16,668.6,18903.55,12639701.32
6/23/2016,BTCUSD,594.68,637.89,544.13,630.87,21194.12,12631517.21
6/22/2016,BTCUSD,669.99,679.99,590.12,594.68,14351.89,9215679.86
6/21/2016,BTCUSD,730.42,730.42,628.6,669.99,25171.26,17039092.22
6/20/2016,BTCUSD,767.98,768.99,702,730.42,9099.01,6780381.01
6/19/2016,BTCUSD,760.08,771.92,744.77,767.98,5413.23,4106127.6
6/18/2016,BTCUSD,753,785.15,734.8,760.08,9677.71,7341652.9
6/17/2016,BTCUSD,770.21,778.49,709.01,753,13928.19,10451683.63
6/16/2016,BTCUSD,694.83,777.68,693.1,770.21,16649.33,12322269.68
6/15/2016,BTCUSD,684.9,696.03,673,694.83,7656.06,5256442.86
6/14/2016,BTCUSD,706,706.45,650.02,684.9,12050.21,8228610.4
6/13/2016,BTCUSD,674.26,720,663.55,706,15500.22,10740029.7
6/12/2016,BTCUSD,595.82,687.71,595.82,674.26,18409.56,11852640.28
6/11/2016,BTCUSD,579.5,596.12,579.48,595.82,4463.04,2615377.16
6/10/2016,BTCUSD,578.56,581,573.5,579.5,5432.41,3141476.68
6/9/2016,BTCUSD,583.23,583.5,574,578.56,4719.51,2730407.8
6/8/2016,BTCUSD,579.33,583.99,572.96,583.23,5751.01,3330702.3
6/7/2016,BTCUSD,585.99,590.95,483.78,579.33,9110.13,5289902.04
6/6/2016,BTCUSD,574.86,588.15,574,585.99,6635.45,3869493.69
6/5/2016,BTCUSD,575.56,585,570.22,574.86,4866.6,2811921.79
6/4/2016,BTCUSD,570,594.64,564.29,575.56,6847.53,3944860.78
6/3/2016,BTCUSD,538.53,578,535.96,570,10135.11,5672990.35
6/2/2016,BTCUSD,536.99,541.2,531.86,538.53,6248.35,3349006.03
6/1/2016,BTCUSD,531.47,541.5,524.39,536.99,5478.68,2922686.73
5/31/2016,BTCUSD,533,544.9,520.01,531.47,8448.61,4496495.27
5/30/2016,BTCUSD,524.7,541,519,533,5894.76,3131497.89
5/29/2016,BTCUSD,528.04,549.99,492.35,524.7,9381.73,4930193.25
5/28/2016,BTCUSD,470.94,539.49,470.04,528.04,11586.13,5788352.77
5/27/2016,BTCUSD,454.68,476.75,454.35,470.94,9644.73,4522675.23
5/26/2016,BTCUSD,451.78,454.99,449,454.68,5587.71,2527076
5/25/2016,BTCUSD,446.5,452.42,445.99,451.78,6037.6,2716614.34
5/24/2016,BTCUSD,444.88,448.5,440.5,446.5,6001,2677125.41
5/23/2016,BTCUSD,442.54,445.59,440.79,444.88,5542.63,2458963.61
5/22/2016,BTCUSD,446.14,446.45,440.89,442.54,3726.99,1655241.02
5/21/2016,BTCUSD,444.27,446.99,441.88,446.14,3918.03,1745637.84
5/20/2016,BTCUSD,442.41,445.5,435,444.27,7675.16,3394436.43
5/19/2016,BTCUSD,455.19,456.41,440.1,442.41,7798.06,3501193.65
5/18/2016,BTCUSD,453.62,457.88,452.86,455.19,5391.97,2459796.85
5/17/2016,BTCUSD,456.78,457.49,452.2,453.62,5953.21,2711130.67
5/16/2016,BTCUSD,462.26,462.26,451.48,456.78,5923.76,2712753.4
5/15/2016,BTCUSD,458.99,463.62,458.49,462.26,3196.59,1472135.58
5/14/2016,BTCUSD,457.49,459.83,456,458.99,3392.13,1553409.24
5/13/2016,BTCUSD,455.83,458.03,453.84,457.49,5241.18,2391925.8
5/12/2016,BTCUSD,454.46,456.57,449.27,455.83,6050.97,2738690.74
5/11/2016,BTCUSD,456.92,458.65,452.5,454.46,4844.47,2207185.42
5/10/2016,BTCUSD,464.24,465,448.2,452.92,4304.4,1975875.9
5/9/2016,BTCUSD,461.91,465.9,459.41,464.24,5737.41,2652946.26
5/8/2016,BTCUSD,462.2,465,457.5,461.91,3177.35,1464937.58
5/7/2016,BTCUSD,462.87,464,459.55,462.2,3402.33,1570250.33
5/6/2016,BTCUSD,450.39,463.73,448.84,462.87,6193.93,2820386.46
5/5/2016,BTCUSD,449.06,451.56,447,450.39,5325.87,2393275.71
5/4/2016,BTCUSD,452.68,453.23,446.76,449.06,4753.32,2136179.35
5/3/2016,BTCUSD,445.61,453.29,443.61,452.68,5775.57,2592096.64
5/2/2016,BTCUSD,456.51,457.63,440.02,445.61,7490.69,3350422.52
5/1/2016,BTCUSD,453.48,457.07,451.55,456.51,2816.73,1281722.26
4/30/2016,BTCUSD,457.74,459.44,450.13,453.48,4567.43,2083035.19
4/29/2016,BTCUSD,451.3,458.83,448.5,457.74,5909.5,2679310.19
4/28/2016,BTCUSD,446.85,451.51,434.79,451.3,7939.68,3536917.29
4/27/2016,BTCUSD,470.37,470.79,440.94,446.85,10691.12,4909118.45
4/26/2016,BTCUSD,467.41,472.11,464.01,470.37,7344.64,3441487.73
4/25/2016,BTCUSD,463.85,472.38,454.65,467.41,9306.65,4325319.17
4/24/2016,BTCUSD,453.94,465,453.58,463.85,6180.74,2840688.36
4/23/2016,BTCUSD,448.29,455.69,447.03,453.94,4481.16,2019150.36
4/22/2016,BTCUSD,452.65,453,445.07,448.29,6870.06,3082191.18
4/21/2016,BTCUSD,442.85,453.8,441.99,452.65,7531.59,3365996.83
4/20/2016,BTCUSD,436.87,444.07,436.04,442.85,7114.19,3128412.21
4/19/2016,BTCUSD,429.57,438.2,429.22,436.87,6212.91,2681613.14
4/18/2016,BTCUSD,434.72,434.72,429.1,429.57,139.8,60031.95
4/17/2016,BTCUSD,434.72,434.72,434.72,434.72,0,0
4/16/2016,BTCUSD,430.92,434.89,430.53,434.72,1730.36,748087.54
4/15/2016,BTCUSD,426.1,431.1,425.72,430.92,4175.37,1791181.48
4/14/2016,BTCUSD,425.53,428,424.52,426.1,4617.53,1966406.52
4/13/2016,BTCUSD,428.27,429.4,423.59,425.53,5787.14,2468462.78
4/12/2016,BTCUSD,423.28,429.77,423.1,428.27,6812.33,2907201.42
4/11/2016,BTCUSD,423.48,424,420.15,423.28,5009.04,2117125.41
4/10/2016,BTCUSD,419.49,423.99,419.44,423.48,2948.7,1244909.01
4/9/2016,BTCUSD,418.97,419.79,415.51,419.49,3511.16,1468945.96
4/8/2016,BTCUSD,421.58,424.65,415.71,418.97,6506.86,2743775.38
4/7/2016,BTCUSD,421.57,422.74,419.41,421.58,4917.13,2072431.63
4/6/2016,BTCUSD,422.18,423,420.61,421.57,5243.72,2213157.47
4/5/2016,BTCUSD,419.31,423.43,418.01,422.18,5604.98,2361396.67
4/4/2016,BTCUSD,420.07,421,417.58,419.31,5277.54,2212959.07
4/3/2016,BTCUSD,419.9,420.8,418.33,420.07,3187.89,1337848.34
4/2/2016,BTCUSD,417.33,420.5,416.91,419.9,3991.16,1673424.93
4/1/2016,BTCUSD,416.44,417.5,414.12,417.33,5212.94,2170486.57
3/31/2016,BTCUSD,412.5,417.6,412.07,416.44,5344.55,2218841.86
3/30/2016,BTCUSD,416.5,416.5,407.56,412.5,5765.16,2380073.51
3/29/2016,BTCUSD,422.42,424.62,407.75,416.5,7317.48,3047246.14
3/28/2016,BTCUSD,425.03,425.36,419.63,422.42,5492.02,2320926.19
3/27/2016,BTCUSD,416.7,426.5,416.35,425.03,4594.78,1940155.25
3/26/2016,BTCUSD,416.57,417.77,414.37,416.7,3682.76,1533781.53
3/25/2016,BTCUSD,413.76,416.7,410,416.57,4875.68,2021080.87
3/24/2016,BTCUSD,417.3,417.72,412.79,413.76,4794.87,1993751.26
3/23/2016,BTCUSD,416.42,418.99,413.95,417.3,5342.24,2226803.98
3/22/2016,BTCUSD,411.38,417.79,410.68,416.42,6117.22,2541950.63
3/21/2016,BTCUSD,413.58,413.97,406.89,411.38,6084.87,2494190.41
3/20/2016,BTCUSD,410.55,415.34,409.36,413.58,4477.72,1843773.44
3/19/2016,BTCUSD,409.96,411,404.72,410.55,4852.39,1980200.71
3/18/2016,BTCUSD,418.5,418.75,399.21,409.96,8382,3447830.71
3/17/2016,BTCUSD,415.93,419.75,415.7,418.5,6120.06,2559459.47
3/16/2016,BTCUSD,414.65,416.39,413,415.93,6308.13,2618854.02
3/15/2016,BTCUSD,414.01,416.94,412.48,414.65,7532.52,3126788.55
3/14/2016,BTCUSD,413.15,415.84,411.61,414.01,6549.22,2708187.38
3/13/2016,BTCUSD,410.33,416.38,410.01,413.15,4431.74,1828890.19
3/12/2016,BTCUSD,418.81,421.3,406.52,410.33,6891.43,2846821.99
3/11/2016,BTCUSD,416.24,421,414.97,418.81,7040.51,2946607.88
3/10/2016,BTCUSD,412.83,416.52,410.71,416.24,7970.87,3300034.87
3/9/2016,BTCUSD,411.23,414,408.75,412.83,5410.66,2226880.23
3/8/2016,BTCUSD,415.43,416.33,407.4,411.23,7850.91,3232928.14
3/7/2016,BTCUSD,403.48,418.74,395,415.43,9434.21,3845660.52
3/6/2016,BTCUSD,396.79,409.27,385.01,403.48,7664.91,3074340.76
3/5/2016,BTCUSD,408.93,409.12,381.09,396.79,14742.66,5847569.98
3/4/2016,BTCUSD,418.82,422.21,405.5,408.93,8492.44,3535081.86
3/3/2016,BTCUSD,423.69,424.12,408.63,418.82,12228.78,5105670.76
3/2/2016,BTCUSD,432.4,435.36,423.35,423.69,6890.75,2967208.52
3/1/2016,BTCUSD,436.45,437.78,427.5,432.4,7349.19,3184550.69
2/29/2016,BTCUSD,433.69,442,431.13,436.45,7535.1,3287254.43
2/28/2016,BTCUSD,432.51,436.07,423,433.69,5071.23,2182767.92
2/27/2016,BTCUSD,427.5,434.97,427.5,432.51,5949.61,2570563.82
2/26/2016,BTCUSD,423.75,427.5,419.53,427.5,6217.74,2631134.89
2/25/2016,BTCUSD,422.79,426.4,418.6,423.75,6142.27,2596770.14
2/24/2016,BTCUSD,420.03,425.6,410,422.79,6934.44,2920576.74
2/23/2016,BTCUSD,436.9,440.9,414.16,420.03,9076.31,3868142.62
2/22/2016,BTCUSD,438.15,439,431.12,436.9,4932.6,2152669.15
2/21/2016,BTCUSD,441.89,448.7,426.01,438.15,7102,3102226.52
2/20/2016,BTCUSD,419.06,444.03,418.87,441.89,9441.56,4075360.79
2/19/2016,BTCUSD,421.32,422,416,419.06,5578.81,2340007.53
2/18/2016,BTCUSD,416.26,423.2,414.24,421.32,6479.33,2715762.02
2/17/2016,BTCUSD,406.89,420.13,405.69,416.26,8502.56,3528038.43
2/16/2016,BTCUSD,399.11,407.5,390,406.89,5323.92,2150298
2/15/2016,BTCUSD,404.53,409.09,394.03,399.11,6695.34,2693303.79
2/14/2016,BTCUSD,388.37,404.54,388.2,404.53,7458.72,2973028.96
2/13/2016,BTCUSD,381.97,396,381.26,388.37,5660.69,2198312.71
2/12/2016,BTCUSD,376.89,382,376.51,381.97,6215.18,2360918.55
2/11/2016,BTCUSD,378.56,379.5,361.1,376.89,10074.12,3779575.26
2/10/2016,BTCUSD,372.9,383.34,371.87,378.56,9666.55,3636013.93
2/9/2016,BTCUSD,370.68,374.93,370.13,372.9,8438.16,3139974.15
2/8/2016,BTCUSD,377.77,379.35,370.5,370.68,7080.05,2654777.81
2/7/2016,BTCUSD,374.92,379.81,373.24,377.77,4054.75,1525629.4
2/6/2016,BTCUSD,384.46,384.54,370.05,374.92,6314.53,2375552.75
2/5/2016,BTCUSD,390.08,390.49,382.99,384.46,7303.25,2818899.27
2/4/2016,BTCUSD,367,390.63,366.96,390.08,8968.44,3404242.55
2/3/2016,BTCUSD,372.85,373.01,365.63,367,6937.95,2570982.85
2/2/2016,BTCUSD,370.62,374.41,370.58,372.85,6889.93,2568773.99
2/1/2016,BTCUSD,369.82,379,365,370.62,8101.5,3012667.05
1/31/2016,BTCUSD,379.23,382.5,367.33,369.82,5059.48,1913002.46
1/30/2016,BTCUSD,379.39,382.04,375,379.23,4283.56,1623147.42
1/29/2016,BTCUSD,379.96,385.05,363.25,379.39,11940.43,4488371.77
1/28/2016,BTCUSD,394.93,395,377.12,379.96,8864.29,3408772.87
1/27/2016,BTCUSD,389.21,397.18,388.77,394.93,6264.62,2469329.53
1/26/2016,BTCUSD,392.91,397,387.78,389.21,6856,2694178.75
1/25/2016,BTCUSD,403.45,403.94,386.41,392.91,6384,2516592.93
1/24/2016,BTCUSD,389.52,406.93,385,403.45,3630.65,1451785.99
1/23/2016,BTCUSD,383.01,398.72,380.26,389.52,6279.09,2450742.09
1/22/2016,BTCUSD,408.97,413.99,373.86,383.01,13321.19,5228249.9
1/21/2016,BTCUSD,413.88,424.78,403.21,408.97,9143.04,3777526.39
1/20/2016,BTCUSD,375.96,425.1,369,413.88,13499.26,5361492.24
1/19/2016,BTCUSD,383.14,385.5,370,375.96,8030.16,3046483.04
1/18/2016,BTCUSD,381.01,386.1,370.1,383.14,8946.25,3399845.35
1/17/2016,BTCUSD,386.57,391,378.42,381.01,8757.44,3377012.19
1/16/2016,BTCUSD,373.43,387.81,350.92,386.57,18198.94,6743136.29
1/15/2016,BTCUSD,429.69,430.67,359.8,373.43,27319.74,10862409.27
1/14/2016,BTCUSD,432.68,435.27,428,429.69,5499.3,2375810.73
1/13/2016,BTCUSD,446.57,446.57,425,432.68,9754.5,4212281.54
1/12/2016,BTCUSD,449.33,449.49,445.22,446.57,5739.9,2567018.77
1/11/2016,BTCUSD,449.14,452.65,445.88,449.33,5572.68,2503083.94
1/10/2016,BTCUSD,451.07,451.45,442.96,449.14,3885.82,1736428.18
1/9/2016,BTCUSD,454.06,456,447.66,451.07,4194.88,1896757.44
1/8/2016,BTCUSD,458.49,464.4,447.53,454.06,9564.11,4368140.37
1/7/2016,BTCUSD,432.44,458.68,430.21,458.49,12531.7,5637785.2
1/6/2016,BTCUSD,432.67,433.46,428.15,432.44,5369.1,2318672.51
1/5/2016,BTCUSD,433.42,435.51,430,432.67,5120.61,2218755.4
1/4/2016,BTCUSD,432.51,435.79,431.37,433.42,5836.26,2532533.29
1/3/2016,BTCUSD,435.74,435.88,425.02,432.51,3920.35,1688824.56
1/2/2016,BTCUSD,435.43,437.56,432.41,435.74,3278.08,1426939.51
1/1/2016,BTCUSD,430.12,437.15,427.92,435.43,3894.26,1686757.39
12/31/2015,BTCUSD,428.2,434,419.04,430.12,6396.83,2735415.63
12/30/2015,BTCUSD,432.59,434.99,422.35,428.2,5066.16,2176128.38
12/29/2015,BTCUSD,421.28,433,419.31,432.59,6013.97,2564563.51
12/28/2015,BTCUSD,425.01,429.9,418,421.28,6864.21,2913800.23
12/27/2015,BTCUSD,419.76,429.85,410.02,425.01,5562.86,2343122.3
12/26/2015,BTCUSD,456.09,458.29,410,419.76,13272.92,5695782.79
12/25/2015,BTCUSD,456,458.99,450.01,456.09,3442.71,1567809.63
12/24/2015,BTCUSD,443.77,460,442,456,7020.69,3188793.34
12/23/2015,BTCUSD,434.88,445.11,428.29,443.77,7455.28,3269700.45
12/22/2015,BTCUSD,436.61,442,432.58,434.88,6466.68,2824300.2
12/21/2015,BTCUSD,442.26,444.44,424.66,436.61,6840.03,2975490.47
12/20/2015,BTCUSD,460.9,461.4,430,442.26,8251.43,3677038.1
12/19/2015,BTCUSD,462.5,465.6,451.58,460.9,6946.83,3201413.25
12/18/2015,BTCUSD,455.5,465.1,453.28,462.5,4930.71,2269506.57
12/17/2015,BTCUSD,453.63,456.33,446.01,455.5,6187.21,2802476.5
12/16/2015,BTCUSD,463.64,464.73,440,453.63,35969.03,16373751.57
12/15/2015,BTCUSD,441.98,464.95,441.77,463.64,10524.31,4804681.48
12/14/2015,BTCUSD,436.29,450,429.12,441.98,160540.99,71246836.97
12/13/2015,BTCUSD,436.01,443.83,419.42,436.29,6428.01,2801886.68
12/12/2015,BTCUSD,451.34,469.34,403,436.01,28635.94,12493274.54
12/11/2015,BTCUSD,416.18,452.73,415.67,451.34,13066.6,5707813.63
12/10/2015,BTCUSD,417.44,419.5,408,416.18,6848.2,2848181.35
12/9/2015,BTCUSD,409.2,425,401,417.44,14296.19,5923286.43
12/8/2015,BTCUSD,395.28,409.2,386.69,409.2,6706.2,2650822.8
12/7/2015,BTCUSD,393.26,397.57,383,395.28,7450.8,2925052.19
12/6/2015,BTCUSD,387,401.01,375.22,393.26,9400.68,3688924.73
12/5/2015,BTCUSD,363.25,390,363.25,387,8615.5,3238953.02
12/4/2015,BTCUSD,361.33,364.85,355.43,363.25,5828.13,2105311.65
12/3/2015,BTCUSD,360.23,369.99,356.52,361.33,7200.93,2616658.73
12/2/2015,BTCUSD,362.56,363.06,349.59,360.23,8231.07,2933751.25
12/1/2015,BTCUSD,378.23,378.94,354.6,362.56,9357.22,3423256.15
11/30/2015,BTCUSD,371.04,382.87,367,378.23,11431.2,4295141.92
11/29/2015,BTCUSD,355.94,373.63,354.26,371.04,5194.56,1886836.8
11/28/2015,BTCUSD,359.99,360,351.09,355.94,5518,1960030.5
11/27/2015,BTCUSD,356.88,364.46,347.96,359.99,7373.93,2632396.27
11/26/2015,BTCUSD,328.07,368.18,328.03,356.88,13908.21,4820726.55
11/25/2015,BTCUSD,319.49,330.06,316.26,328.07,7794.68,2524344.05
11/24/2015,BTCUSD,323.01,323.17,318,319.49,5194.49,1669246.72
11/23/2015,BTCUSD,323.59,326,322,323.01,4748.68,1537847.99
11/22/2015,BTCUSD,325.22,327,321,323.59,3378.49,1094959.85
11/21/2015,BTCUSD,321.85,328,316.33,325.22,5147.59,1666020.3
11/20/2015,BTCUSD,325.5,327.12,311.23,321.85,9224.03,2950546.24
11/19/2015,BTCUSD,336.59,336.59,324.9,325.5,6700.81,2213544.98
11/18/2015,BTCUSD,336,338,330,336.59,5173.52,1730599.43
11/17/2015,BTCUSD,332.1,340.72,330.1,336,7247.61,2435724.03
11/16/2015,BTCUSD,321.13,334.1,316.12,332.1,7340.55,2388564.1
11/15/2015,BTCUSD,333.49,336.46,320,321.13,6242.57,2042181.14
11/14/2015,BTCUSD,335,339.57,329.4,333.49,5960.51,1993712.42
11/13/2015,BTCUSD,336.19,343,325,335,10519.03,3524031.49
11/12/2015,BTCUSD,307.54,344.99,307.25,336.19,15695.79,5150951.91
11/11/2015,BTCUSD,338.46,341.75,293.32,307.54,17757.39,5596526.74
11/10/2015,BTCUSD,381,382.23,322,338.46,16387.91,5808412.16
11/9/2015,BTCUSD,373.91,386.96,360.8,381,10839.36,4061818.61
11/8/2015,BTCUSD,386.7,389,363.58,373.91,7450.76,2834422.59
11/7/2015,BTCUSD,371.37,392,368.24,386.7,8508.45,3260497.4
11/6/2015,BTCUSD,384.2,395,351,371.37,20222.01,7536080.38
11/5/2015,BTCUSD,398.09,450,366.66,384.2,27216.75,10978245.17
11/4/2015,BTCUSD,399.49,499.99,368.15,398.09,49326.81,21800320.75
11/3/2015,BTCUSD,363.97,422.3,362.07,399.49,40259.65,15724145.32
11/2/2015,BTCUSD,331.71,371.82,326.07,363.97,19347.78,6714822.77
11/1/2015,BTCUSD,314.6,332,311.44,331.71,10295.56,3304599.08
10/31/2015,BTCUSD,329.97,334.28,306.29,314.6,14918.76,4759517.11
10/30/2015,BTCUSD,315.68,336.97,315.46,329.97,16267.3,5308998.95
10/29/2015,BTCUSD,303.75,320.99,301.8,315.68,12145.79,3785443.04
10/28/2015,BTCUSD,295.88,308.93,295.51,303.75,16005.21,4830462.34
10/27/2015,BTCUSD,286.75,297.99,286.67,295.88,10888.35,3196913.71
10/26/2015,BTCUSD,288.97,288.99,282.04,286.75,7565.99,2158042.54
10/25/2015,BTCUSD,284,295.93,283.28,288.97,10737.02,3114865.97
10/24/2015,BTCUSD,278.07,284,278.07,284,5268.7,1480783.01
10/23/2015,BTCUSD,275.92,281.17,275.4,278.07,7054.48,1959383.04
10/22/2015,BTCUSD,269.16,280,268.52,275.92,8714.9,2388561.2
10/21/2015,BTCUSD,271.14,272.85,265,269.16,6098.22,1643140.21
10/20/2015,BTCUSD,264.81,272.95,264.38,271.14,4652.97,1254498.62
10/19/2015,BTCUSD,264.53,268.23,262.05,264.81,5238.97,1389589.25
10/18/2015,BTCUSD,271.35,273.5,262.94,264.53,5809.15,1553771.6
10/17/2015,BTCUSD,263,274.81,262.56,271.35,10913.12,2940700.24
10/16/2015,BTCUSD,254.64,267.6,254.64,263,9104.56,2376369.17
10/15/2015,BTCUSD,253.22,256.77,253.13,254.64,6623.1,1690435.99
10/14/2015,BTCUSD,250.37,255,250.25,253.22,7542.42,1905000.14
10/13/2015,BTCUSD,246.29,251.5,244.86,250.37,6471.08,1610643.64
10/12/2015,BTCUSD,248.9,249.14,245.89,246.29,5328.43,1318989.63
10/11/2015,BTCUSD,246.06,250,245.63,248.9,4222.7,1044679.03
10/10/2015,BTCUSD,244.46,246.1,243.8,246.06,3721.95,912802.93
10/9/2015,BTCUSD,243.38,244.88,241.1,244.46,4999.71,1219605.35
10/8/2015,BTCUSD,243.64,245.38,242.2,243.38,5358.51,1309144.55
10/7/2015,BTCUSD,246.83,247.96,240.2,243.64,9035.05,2220567.2
10/6/2015,BTCUSD,240.7,248,240.31,246.83,9347.01,2285485.5
10/5/2015,BTCUSD,239.76,240.77,237.5,240.7,7420.58,1776349.82
10/4/2015,BTCUSD,239.93,240.28,239.07,239.76,3757.54,900881.86
10/3/2015,BTCUSD,237.99,240.62,237.68,239.93,4360.67,1043632.98
10/2/2015,BTCUSD,238.54,239.4,236.97,237.99,5947.95,1417784.26
10/1/2015,BTCUSD,237.13,239.86,236.68,238.54,5670.97,1351078.32
9/30/2015,BTCUSD,237.78,238.75,236.26,237.13,5549.05,1318349.82
9/29/2015,BTCUSD,240.42,241.05,237,237.78,6880.33,1643213.39
9/28/2015,BTCUSD,233.54,240.42,233.45,240.42,7962.86,1898213.94
9/27/2015,BTCUSD,234.99,235.13,233.2,233.54,3286.85,768909.53
9/26/2015,BTCUSD,235.76,236.2,233.5,234.99,4229.25,994247.53
9/25/2015,BTCUSD,235.6,237.62,234.02,235.76,6468.71,1526369.32
9/24/2015,BTCUSD,230.1,235.99,230.01,235.6,9095.34,2117575.92
9/23/2015,BTCUSD,230.61,233,229.27,230.1,6307.83,1457819.49
9/22/2015,BTCUSD,227,232.5,224.45,230.61,8827.76,2029170.21
9/21/2015,BTCUSD,232.48,233.64,226.87,227,7630.98,1747253.74
9/20/2015,BTCUSD,232.26,234,231.85,232.48,3636.83,845849.51
9/19/2015,BTCUSD,233.19,234.31,232,232.26,3630.37,845592.41
9/18/2015,BTCUSD,233.17,234.96,231.75,233.19,4579.73,1069747.46
9/17/2015,BTCUSD,229.2,235.93,229.01,233.17,7532.78,1747560.55
9/16/2015,BTCUSD,230.36,232,226.85,229.2,7866.47,1804773.1
9/15/2015,BTCUSD,231.01,232.43,230.26,230.36,6953.11,1607223.06
9/14/2015,BTCUSD,230.61,233.99,228.01,231.01,7961.8,1842034.35
9/13/2015,BTCUSD,236.92,236.92,229.72,230.61,4987.99,1162075.64
9/12/2015,BTCUSD,241.04,241.13,235.26,236.92,5390.6,1286085.34
9/11/2015,BTCUSD,238.33,241.54,238.33,241.04,5807.8,1396588.42
9/10/2015,BTCUSD,238.72,241.4,236.69,238.33,5822.01,1391798.77
9/9/2015,BTCUSD,244.15,244.69,238.6,238.72,6800.15,1639306.36
9/8/2015,BTCUSD,240.31,247.82,240.01,244.15,8264.99,2015007.12
9/7/2015,BTCUSD,240.93,242.98,239.21,240.31,4960.04,1196014.62
9/6/2015,BTCUSD,240.13,244.82,239.72,240.93,2502.55,605270.41
9/5/2015,BTCUSD,231.61,231.61,230.12,230.92,2603.86,601166.68
9/4/2015,BTCUSD,226.83,232.49,226.83,231.61,7020.27,1615740.04
9/3/2015,BTCUSD,229.39,231.36,226.48,226.83,6712.57,1531235.08
9/2/2015,BTCUSD,227.6,231.43,226.43,229.39,7477,1712613.03
9/1/2015,BTCUSD,231.12,233.5,226.42,227.6,8594.57,1967118.87
8/31/2015,BTCUSD,229.24,233,225.23,231.12,6705.52,1543065.59
8/30/2015,BTCUSD,229.55,233.47,226.59,229.24,4964.63,1137912.57
8/29/2015,BTCUSD,233.4,233.95,228,229.55,4546.16,1048954.46
8/28/2015,BTCUSD,224.34,236.18,221.2,233.4,9005.75,2070643.73
8/27/2015,BTCUSD,226.35,229.99,224,224.34,7938.43,1799783.19
8/26/2015,BTCUSD,223.58,231.97,220.16,226.35,9739.46,2208758.79
8/25/2015,BTCUSD,213.38,229.49,198.02,223.58,20002.92,4264677.57
8/24/2015,BTCUSD,228.3,229.84,210,213.38,16138.49,3532958.11
8/23/2015,BTCUSD,230.62,233.25,226.15,228.3,4254.11,978568.02
8/22/2015,BTCUSD,233.71,235.53,222.68,230.62,7708.46,1766699.25
8/21/2015,BTCUSD,235.49,236.99,231.37,233.71,7878.14,1847689.64
8/20/2015,BTCUSD,227.84,238.2,226.58,235.49,8940,2088182.3
8/19/2015,BTCUSD,247.43,247.43,200,227.84,16696.31,3851980.93
8/18/2015,BTCUSD,258.49,258.64,245.67,247.43,8204.81,2080508.48
8/17/2015,BTCUSD,259.19,261.57,255.58,258.49,6761.14,1748489.61
8/16/2015,BTCUSD,262.21,263.1,255.67,259.19,5348.55,1389641.36
8/15/2015,BTCUSD,266.52,267.69,262.05,262.21,4065.26,1081921.08
8/14/2015,BTCUSD,264.92,267.98,262.5,266.52,6897.74,1834555.53
8/13/2015,BTCUSD,269.43,269.49,262.94,264.92,5434.23,1442378.73
8/12/2015,BTCUSD,271.2,272.4,265.79,269.43,6217.22,1674361.23
8/11/2015,BTCUSD,265.18,271.99,263.48,271.2,5878.03,1567622.1
8/10/2015,BTCUSD,267.91,268.89,263.17,265.18,5324.47,1414583.09
8/9/2015,BTCUSD,261.08,268.8,260.97,267.91,5078.04,1344584.97
8/8/2015,BTCUSD,279.54,280.16,260.07,261.08,6052.87,1643529.58
8/7/2015,BTCUSD,279.91,281.17,277.05,279.54,5192.8,1451644.55
8/6/2015,BTCUSD,282.24,282.77,278.95,279.91,5000.88,1401580.63
8/5/2015,BTCUSD,285.31,286.25,282.01,282.24,5847.36,1659268.09
8/4/2015,BTCUSD,281.63,286.47,280.11,285.31,5556.91,1579478.13
8/3/2015,BTCUSD,282.55,285.86,280.27,281.63,4624.02,1310969.62
8/2/2015,BTCUSD,282.06,282.58,277.33,282.55,3452.38,968906.8
8/1/2015,BTCUSD,284.68,285.6,277.26,282.06,3907.84,1099820.57
7/31/2015,BTCUSD,288.25,290,282.79,284.68,5615.32,1605309.8
7/30/2015,BTCUSD,289.53,291.56,286.56,288.25,5218.19,1506092.68
7/29/2015,BTCUSD,295.73,296.58,289.01,289.53,5211.42,1523831.44
7/28/2015,BTCUSD,294.44,298,293.35,295.73,5707.1,1688432.24
7/27/2015,BTCUSD,293.25,297,287.24,294.44,6418.82,1875403.35
7/26/2015,BTCUSD,289.64,294.49,288.65,293.25,3764.35,1099301.03
7/25/2015,BTCUSD,289.48,291.67,286.82,289.64,4144.86,1198430.86
7/24/2015,BTCUSD,276.91,291.52,276.43,289.48,7203.81,2049614.89
7/23/2015,BTCUSD,277.5,279.75,276.28,276.91,5347.51,1484529.22
7/22/2015,BTCUSD,277.13,278.54,275.01,277.5,4611.39,1277029.62
7/21/2015,BTCUSD,278.7,281.27,276.85,277.13,5033.72,1407886.6
7/20/2015,BTCUSD,275.59,279.72,273.34,278.7,5328.9,1478259.79
7/19/2015,BTCUSD,277.56,278.48,275,275.59,3314.37,917149.1
7/18/2015,BTCUSD,279.95,282.71,276.34,277.56,4406.19,1229676.41
7/17/2015,BTCUSD,278.71,281.38,272.64,279.95,6840.84,1903298.41
7/16/2015,BTCUSD,285.22,292.78,275,278.71,8771.75,2470019.42
7/15/2015,BTCUSD,288.2,294.11,285.18,285.22,7261.97,2111526.87
7/14/2015,BTCUSD,292.35,297.78,286.25,288.2,7147.48,2085310.1
7/13/2015,BTCUSD,311.96,312.91,281.62,292.35,13000.28,3812344.69
7/12/2015,BTCUSD,294.77,316.52,293.5,311.96,12692.8,3888193.78
7/11/2015,BTCUSD,286.85,299,284.5,294.77,8321.35,2436511.45
7/10/2015,BTCUSD,269.48,294.71,269.25,286.85,15760,4494129.03
7/9/2015,BTCUSD,270.64,272.5,267.1,270.21,6928.7,1872007.53
7/8/2015,BTCUSD,267.19,273.97,264.41,270.64,7744.93,2088515.27
7/7/2015,BTCUSD,270.41,272.11,264.5,267.19,7114.39,1909768.25
7/6/2015,BTCUSD,271.15,277.88,268.27,270.41,9928.97,2712293.49
7/5/2015,BTCUSD,260.61,275.25,258.99,271.15,7902.94,2115315.38
7/4/2015,BTCUSD,256.36,261,254.4,260.72,4119.09,1059726.9
7/3/2015,BTCUSD,255.22,257.37,252.77,256.36,4850.58,1238894.58
7/2/2015,BTCUSD,257.97,262,253,255.22,6288.44,1618502.64
7/1/2015,BTCUSD,264.94,265.45,255.12,257.97,8150.38,2117515.44
6/30/2015,BTCUSD,257.35,269.39,255.91,264.94,11626.26,3057480.55
6/29/2015,BTCUSD,249.79,257.99,249.09,257.57,10217.24,2597519.75
6/28/2015,BTCUSD,251.67,252,247.51,249.79,4432.28,1107853.74
6/27/2015,BTCUSD,243,252.22,242.3,251.67,5216.6,1287890.03
6/26/2015,BTCUSD,242.14,243.1,239.91,243,6548.17,1583976.63
6/25/2015,BTCUSD,240.89,243.44,239.91,242.14,5700.06,1378705.69
6/24/2015,BTCUSD,244.07,244.92,239.51,240.89,5316.52,1287779.26
6/23/2015,BTCUSD,247.75,248.06,243.01,244.07,5335.17,1308791.02
6/22/2015,BTCUSD,244.64,248.5,243.86,247.75,5446.03,1341811.14
6/21/2015,BTCUSD,246.67,246.98,242,244.64,3757.23,918252.48
6/20/2015,BTCUSD,246.57,246.99,246.56,246.67,60.42,14913.45
6/19/2015,BTCUSD,248.93,251.05,245.56,245.56,29810.11,7345446.99
6/18/2015,BTCUSD,248.37,253.29,243.51,248.93,9547.55,2381350.7
6/17/2015,BTCUSD,251.93,259.46,247,248.37,10011.16,2522542.04
6/16/2015,BTCUSD,237.47,253.26,236.01,251.93,10379.93,2534841.38
6/15/2015,BTCUSD,233.6,238.5,233.6,237.47,5868.17,1387437.28
6/14/2015,BTCUSD,233.18,235,232.53,233.6,2275.85,531824.81
6/13/2015,BTCUSD,230.26,233.33,228.79,233.18,3873.91,894580.62
6/12/2015,BTCUSD,229.62,231.32,229.01,230.26,5860.99,1348481.27
6/11/2015,BTCUSD,228.67,230.92,228.67,229.62,5631.46,1293396.64
6/10/2015,BTCUSD,229.74,230.45,227.98,228.67,5957.23,1364629.91
6/9/2015,BTCUSD,229.02,232.06,228.31,229.74,6386.51,1469437.2
6/8/2015,BTCUSD,223.96,230.16,223.63,229.02,6883.72,1563988.82
6/7/2015,BTCUSD,225.02,226.09,222.88,223.96,3526.44,791668.46
6/6/2015,BTCUSD,225.33,225.61,224.27,225.02,3603.72,810800.67
6/5/2015,BTCUSD,224.31,226.74,223.01,225.33,6580.07,1480504.08
6/4/2015,BTCUSD,225.57,226.07,223.56,224.31,6027.74,1357326.97
6/3/2015,BTCUSD,225.25,227.45,223.82,225.57,6835.7,1545211.59
6/2/2015,BTCUSD,223.6,226.68,221.84,225.25,8919.25,2004605.53
6/1/2015,BTCUSD,229.88,230.99,221.58,223.6,10155.63,2297810.41
5/31/2015,BTCUSD,232.93,233.94,229.55,229.88,5842.77,1356690.75
5/30/2015,BTCUSD,236.94,236.99,231,232.93,6210.73,1452783.12
5/29/2015,BTCUSD,236.8,237.68,235.01,236.94,6340.64,1501401.4
5/28/2015,BTCUSD,237.74,238.48,236.23,236.8,6001.17,1424107.73
5/27/2015,BTCUSD,237.61,238.75,236.02,237.74,6631.62,1574876
5/26/2015,BTCUSD,237.47,238.34,235.81,237.61,5950.51,1413734.29
5/25/2015,BTCUSD,240.91,241.4,236.71,237.47,4028.06,961011.41
5/24/2015,BTCUSD,239.07,242,238.27,240.91,3367.15,809463.26
5/23/2015,BTCUSD,240.34,240.64,237.89,239.07,3813.89,913946.89
5/22/2015,BTCUSD,235.72,242,235.11,240.34,7718.5,1842781.55
5/21/2015,BTCUSD,234.25,236.74,234.13,235.72,6111.71,1439629.32
5/20/2015,BTCUSD,232.4,235,232.31,234.25,7040.85,1646935.39
5/19/2015,BTCUSD,233.28,234.92,231.53,232.4,6946.41,1620675.86
5/18/2015,BTCUSD,237.22,237.89,231.66,233.28,7083.69,1672387.89
5/17/2015,BTCUSD,236.73,238.45,236.7,237.22,4789.15,1137258.26
5/16/2015,BTCUSD,237.84,237.99,235.48,236.73,2924.1,694423.22
5/15/2015,BTCUSD,237.19,239,236.89,237.84,9062.66,2155507.7
5/14/2015,BTCUSD,237.56,240,232.61,237.19,9610.34,2282852.03
5/13/2015,BTCUSD,242.81,244.13,235.54,237.56,10026.48,2424314.78
5/12/2015,BTCUSD,242.81,243.4,240.37,242.81,6291.95,1523694.38
5/11/2015,BTCUSD,241.25,245.49,239.5,242.81,6124.37,1485289.47
5/10/2015,BTCUSD,242.57,244.89,239.63,241.25,5136.97,1244009.3
5/9/2015,BTCUSD,244.65,247.6,240,242.57,4988.6,1216454.58
5/8/2015,BTCUSD,237.91,247.06,236.35,244.65,8466.61,2053376.56
5/7/2015,BTCUSD,230.89,239.18,228.38,237.91,8772.45,2047519.36
5/6/2015,BTCUSD,236.18,237.87,228.38,230.89,7817.31,1833079.97
5/5/2015,BTCUSD,239.8,240,232,236.18,8957.98,2113825.79
5/4/2015,BTCUSD,240.63,243.99,238.06,239.8,8777.83,2111461.68
5/3/2015,BTCUSD,236.26,242.97,234.26,240.63,5846.91,1401770.86
5/2/2015,BTCUSD,234.01,237.15,233,236.26,6357.79,1494958.02
5/1/2015,BTCUSD,236.59,238.78,234,234.01,9697.4,2287292.43
4/30/2015,BTCUSD,225.91,240,225.1,236.59,11339.46,2637970.11
4/29/2015,BTCUSD,225.48,227.3,220.2,225.91,6662.8,1500129.71
4/28/2015,BTCUSD,227.2,229.04,220.46,225.48,6931.74,1561834.34
4/27/2015,BTCUSD,220.5,231.11,218.78,227.2,11863.95,2644709.2
4/26/2015,BTCUSD,227.06,227.91,215.56,220.5,9487.32,2088912.54
4/25/2015,BTCUSD,232.38,233.67,226.83,227.06,4981.45,1145582.4
4/24/2015,BTCUSD,235.49,236.93,230.12,232.38,5241.44,1221030.15
4/23/2015,BTCUSD,234,236,232.79,235.49,6497.28,1525938.82
4/22/2015,BTCUSD,234.91,238.6,232.78,234,7535.02,1777456.59
4/21/2015,BTCUSD,225.04,235.81,224.01,234.91,9587.36,2186765.77
4/20/2015,BTCUSD,224.05,227.45,223.45,225.04,7263.87,1635293.26
4/19/2015,BTCUSD,223.99,226.72,223.44,224.05,4596.85,1032611.44
4/18/2015,BTCUSD,223.5,224.04,222.18,223.99,4391.09,980632.91
4/17/2015,BTCUSD,229.09,230.08,220.46,223.5,7332,1651298.46
4/16/2015,BTCUSD,223.88,230.75,223.55,229.09,8410.1,1917082.96
4/15/2015,BTCUSD,220.53,224.24,218.09,223.88,8680.74,1926825.18
4/14/2015,BTCUSD,221.48,222.16,216.92,220.53,6154.67,1350697.93
4/13/2015,BTCUSD,238.03,238.03,238.03,238.03,0,0
4/12/2015,BTCUSD,238.13,239.16,234.02,238.03,2547.14,605466.36
4/11/2015,BTCUSD,235.86,239.99,234.77,238.13,5674.99,1346765.36
4/10/2015,BTCUSD,243.65,244.95,232.35,235.86,11515.72,2739014.34
4/9/2015,BTCUSD,246.65,248.16,239.02,243.65,7620.34,1866760.32
4/8/2015,BTCUSD,255.67,255.75,244.29,246.65,7572.99,1888130.98
4/7/2015,BTCUSD,257.57,258.11,253.45,255.67,7307.56,1869620.76
4/6/2015,BTCUSD,261.46,263,255,257.57,7405.23,1919695.66
4/5/2015,BTCUSD,254.87,262,252.06,261.46,5171.58,1329021.02
4/4/2015,BTCUSD,255.68,256.6,251.26,254.87,3990.58,1012944.38
4/3/2015,BTCUSD,254.48,257.43,252.59,255.68,7141.43,1820711.88
4/2/2015,BTCUSD,247.25,255.24,245.8,254.48,9077.69,2270713.89
4/1/2015,BTCUSD,245.26,248.22,241.07,247.25,9529.31,2333725.21
3/31/2015,BTCUSD,248.59,249.98,242.87,245.26,8179.65,2013716
3/30/2015,BTCUSD,243.58,250.06,237.94,248.59,10852.73,2670993.74
3/29/2015,BTCUSD,253.47,254,241,243.58,8413.7,2070762.11
3/28/2015,BTCUSD,248.68,254.99,247.63,253.47,6096.03,1535147.5
3/27/2015,BTCUSD,250.16,250.99,246.44,248.68,8364.84,2081620.68
3/26/2015,BTCUSD,247,254.9,244.92,250.16,10837.76,2716899.4
3/25/2015,BTCUSD,248.81,249.99,234.51,247,12393.11,3041663.8
3/24/2015,BTCUSD,265.61,268.51,244.86,248.81,16427.45,4148385.16
3/23/2015,BTCUSD,270,273.99,260.81,265.61,13043.94,3491471.94
3/22/2015,BTCUSD,261.83,271.27,259.71,270,5754.06,1521539.9
3/21/2015,BTCUSD,263.71,264.04,256.66,261.83,6090.47,1591138.39
3/20/2015,BTCUSD,263.28,267.42,259.31,263.71,7552.27,1988780.89
3/19/2015,BTCUSD,258.51,266.8,249.2,263.28,16096.79,4166409.24
3/18/2015,BTCUSD,286.87,287.05,250,258.51,18277.12,4930769.11
3/17/2015,BTCUSD,292.03,293.69,284.01,286.87,7724.07,2239769.56
3/16/2015,BTCUSD,287.46,294.99,287.02,292.03,8819.7,2579819.45
3/15/2015,BTCUSD,284.29,289.24,282.5,287.46,4422.23,1266481.41
3/14/2015,BTCUSD,287,289,280.86,284.29,7278.62,2075249.82
3/13/2015,BTCUSD,296.11,296.52,284.86,287,11720.92,3409733.15
3/12/2015,BTCUSD,296.63,298.9,291.87,296.11,9501.1,2809005.49
3/11/2015,BTCUSD,292.56,297.8,290.51,296.63,9836.17,2898112.52
3/10/2015,BTCUSD,290.23,299.48,288.96,292.56,16279.83,4810757.15
3/9/2015,BTCUSD,274.82,294.42,274.82,290.23,13596.15,3873262.35
3/8/2015,BTCUSD,276.33,278.97,270.29,274.82,5080.38,1400160.54
3/7/2015,BTCUSD,273.91,279.44,270.55,276.33,6326.64,1738033.44
3/6/2015,BTCUSD,277.12,280,269.12,273.91,9963.67,2731783.63
3/5/2015,BTCUSD,273.56,281.09,262.49,277.12,11641.75,3159376.26
3/4/2015,BTCUSD,282.42,287,267.39,273.56,15023.6,4196751.75
3/3/2015,BTCUSD,274.93,289.5,267.07,282.42,19087.01,5293946.81
3/2/2015,BTCUSD,260.35,275,258.21,274.93,10027.14,2668681.1
3/1/2015,BTCUSD,255.59,259.97,246.3,258.78,4967.35,1255486.27
2/28/2015,BTCUSD,255.96,256.97,250,255.51,5433.11,1377009.18
2/27/2015,BTCUSD,237.1,259,236.29,255.96,20540.96,5167883.69
2/26/2015,BTCUSD,238.45,238.46,234.33,237.1,6798.2,1610969.07
2/25/2015,BTCUSD,239.78,240.99,235.44,238.45,4165.15,994000.29
2/24/2015,BTCUSD,239.49,241.21,235.51,240.13,4506.86,1078384.78
2/23/2015,BTCUSD,236.72,240.97,232,239.69,9684.99,2300665.03
2/22/2015,BTCUSD,245.86,247.48,234.01,236.72,8311.73,1998887.5
2/21/2015,BTCUSD,245.54,248.12,244,245.86,4106.15,1008277.92
2/20/2015,BTCUSD,242.42,248.32,239.99,245.89,9809.26,2394824.82
2/19/2015,BTCUSD,235.91,245,235.58,242.42,9123,2185101.18
2/18/2015,BTCUSD,244,246,231.93,235.91,13453.31,3226055.9
2/17/2015,BTCUSD,236.82,248,233,244,16360.49,3936010.98
2/16/2015,BTCUSD,234,241,229.6,236.82,10342.88,2433600.57
2/15/2015,BTCUSD,257.48,267.86,228,234,17339.11,4288626.87
2/14/2015,BTCUSD,236.65,259.98,236.08,257.48,14942.09,3713770.11
2/13/2015,BTCUSD,222.45,242.36,221.55,236.65,15260.16,3572659.33
2/12/2015,BTCUSD,220.02,224.61,218,222.45,7850.44,1733740.77
2/11/2015,BTCUSD,220.84,223.61,217.46,220.02,8877.19,1964602.47
2/10/2015,BTCUSD,222.19,222.64,215,220.84,5450.37,1193027.11
2/9/2015,BTCUSD,224.16,225,216.45,222.19,6525.33,1442999.31
2/8/2015,BTCUSD,228.7,231.6,220,224.16,4253.06,958535.01
2/7/2015,BTCUSD,222.82,230.5,222.44,228.7,4220.38,957152.99
2/6/2015,BTCUSD,216,226.64,216,222.82,5638.26,1247408.29
2/5/2015,BTCUSD,226.5,228.9,215,216,7522.28,1663849.23
2/4/2015,BTCUSD,228.31,230.99,221.5,226.5,9103.19,2058675.85
2/3/2015,BTCUSD,237.79,243.9,225.32,228.31,8565.02,2029168.44
2/2/2015,BTCUSD,227,240.1,220.89,237.79,7156.24,1630984.85
2/1/2015,BTCUSD,219,233.79,210,227,7401.43,1640635.74
1/31/2015,BTCUSD,232.55,234.67,217.11,219,5569.26,1273921.59
1/30/2015,BTCUSD,234.52,244.59,227.89,232.55,5699.69,1333424.96
1/29/2015,BTCUSD,236.14,242,221.14,234.52,6661.74,1555210.37
1/28/2015,BTCUSD,262.69,265.99,228.5,236.14,5160.3,1272214.28
1/27/2015,BTCUSD,270,278.47,244.03,262.69,1647.55,432840.93
1/26/2015,BTCUSD,254.53,322.72,241.43,270,5152.24,1439367.1
1/25/2015,BTCUSD,240,256.26,240,254.53,478.76,120120.06
1/24/2015,BTCUSD,235,250.58,215,240,1.74,431.76
1/23/2015,BTCUSD,226.32,235,215,235,0.18,41.45
1/22/2015,BTCUSD,225.51,257.73,216.59,226.32,4.36,1000.75
1/21/2015,BTCUSD,208,225.51,208,225.51,0.1577,35.02
1/20/2015,BTCUSD,225.51,225.51,208,208,0.02,4.23
1/19/2015,BTCUSD,184,225.51,184,225.51,0.41,86.26
1/18/2015,BTCUSD,184,184,184,184,0,0
1/17/2015,BTCUSD,199.46,210,184,184,0.112,22.25
1/16/2015,BTCUSD,211.91,225.5,189,199.46,4.8,985.98
1/15/2015,BTCUSD,120,224,120,211.91,2.87,571.46
1/14/2015,BTCUSD,260,260,109.87,120,11.3,1760.81
1/13/2015,BTCUSD,288.99,288.99,260,260,1,260
1/12/2015,BTCUSD,288.99,288.99,288.99,288.99,0,0
1/11/2015,BTCUSD,288.99,288.99,288.99,288.99,0,0
1/10/2015,BTCUSD,288.99,288.99,288.99,288.99,0,0
1/9/2015,BTCUSD,288.99,288.99,288.99,288.99,0,0
1/8/2015,BTCUSD,340,360,264.81,288.99,10.35,3055.55
1/7/2015,BTCUSD,340,340,340,340,0,0
1/6/2015,BTCUSD,340,340,340,340,0,0
1/5/2015,BTCUSD,340,340,340,340,0,0
1/4/2015,BTCUSD,340,340,340,340,0,0
1/3/2015,BTCUSD,340,340,340,340,0,0
1/2/2015,BTCUSD,340,340,340,340,0,0
1/1/2015,BTCUSD,340,340,340,340,0,0
12/31/2014,BTCUSD,340,340,340,340,0,0
12/30/2014,BTCUSD,340,340,340,340,0,0
12/29/2014,BTCUSD,340,340,340,340,0,0
12/28/2014,BTCUSD,340,340,340,340,0,0
12/27/2014,BTCUSD,340,340,340,340,0,0
12/26/2014,BTCUSD,340,340,340,340,0,0
12/25/2014,BTCUSD,340,340,340,340,0,0
12/24/2014,BTCUSD,340,340,340,340,0,0
12/23/2014,BTCUSD,340,340,340,340,0,0
12/22/2014,BTCUSD,340,340,340,340,0,0
12/21/2014,BTCUSD,340,340,340,340,0,0
12/20/2014,BTCUSD,340,340,340,340,0,0
12/19/2014,BTCUSD,340,340,340,340,0,0
12/18/2014,BTCUSD,350,350,340,340,2,685
12/17/2014,BTCUSD,350,350,350,350,0,0
12/16/2014,BTCUSD,350,350,350,350,0,0
12/15/2014,BTCUSD,350,350,350,350,0,0
12/14/2014,BTCUSD,350,350,350,350,0,0
12/13/2014,BTCUSD,350,350,350,350,0,0
12/12/2014,BTCUSD,360.5,379,350,350,3.15,1115.49
12/11/2014,BTCUSD,360.5,360.5,360.5,360.5,0,0
12/10/2014,BTCUSD,375,398,360.5,360.5,0.02,7.59
12/9/2014,BTCUSD,375,375,375,375,0,0
12/8/2014,BTCUSD,378,378,375,375,0.235,88.13
12/7/2014,BTCUSD,378,378,378,378,0,0
12/6/2014,BTCUSD,377.1,378,377.1,378,0.015,5.67
12/5/2014,BTCUSD,377.1,377.1,377.1,377.1,0,0
12/4/2014,BTCUSD,378,378,377.1,377.1,0.01,3.77
12/3/2014,BTCUSD,378,378,377.01,378,0.5466,206.52
12/2/2014,BTCUSD,370,378,370,378,15.01,5675.07
12/1/2014,BTCUSD,300,370,300,370,0.05656,19.53
